ID_echantillon;ID_Feuille;Masse_F_T0;Masse_F_T24;Masse_F_Tsec;Surface_F
01_1;01_1_1;0,241;0,193;0,129;8,53
01_1;01_1_2;1,129;0,984;0,384;47,266
01_1;01_1_3;0,48;0,409;0,153;20,773
01_1;01_1_4;1,061;0,872;0,533;36,385
01_1;01_1_5;0,187;0,154;0,061;8,314
01_2;01_2_1;0,294;0,253;0,103;11,738
01_2;01_2_2;0,626;0,561;0,233;24,353
01_2;01_2_3;1,355;1,224;0,535;47,109
01_2;01_2_4;0,835;0,736;0,311;32,459
01_2;01_2_5;0,725;0,634;0,275;25,98
01_3;01_3_1;1,132;0,974;0,478;45,447
01_3;01_3_2;1,752;1,569;0,601;71,987
01_3;01_3_3;1,205;1,127;0,439;55,244
01_3;01_3_4;1,252;1,085;0,444;51,222
01_3;01_3_5;1,353;1,168;0,465;56,281
01_4;01_4_1;0,445;0,4;0,17;20,173
01_4;01_4_2;1,081;0,982;0,416;44,478
01_4;01_4_3;2,073;1,867;0,767;86,573
01_4;01_4_4;1,734;1,573;0,632;76,02
01_4;01_4_5;1,115;0,978;0,388;50,557
01_5;01_5_1;2,556;1,963;1,102;110,847
01_5;01_5_2;2,58;2,065;1,124;111,227
01_5;01_5_3;0,717;0,612;0,285;34,78
01_5;01_5_4;1,172;1,025;0,474;54,827
01_5;01_5_5;1,67;1,508;0,712;74,295
01_6;01_6_1;2,149;1,808;1,082;84,212
01_6;01_6_2;2,038;1,805;1,019;76,164
01_6;01_6_3;3,472;2,844;1,658;136,496
01_6;01_6_4;3,566;3,121;1,743;131,843
01_6;01_6_5;1,72;1,539;0,864;64,879
02_1;02_1_1;14,226;10,932;3,915;574,329
02_1;02_1_2;11,732;8,719;3,719;459,303
02_1;02_1_3;4,97;3,21;1,463;218,818
02_1;02_1_4;6,801;4,995;2,111;297,862
02_1;02_1_5;7,487;5,672;2,465;326,908
02_2;02_2_1;6,48;5,25;2,256;266,433
02_2;02_2_2;4,797;3,839;1,679;186,535
02_2;02_2_3;4,368;3,306;1,55;182,949
02_2;02_2_4;7,832;5,69;2,637;284,38
02_2;02_2_5;6;4,89;1,57;240,15
02_3;02_3_1;6,18;4,608;1,63;251,296
02_3;02_3_2;5,638;4,55;1,507;222,014
02_3;02_3_3;7,468;5,384;2,311;295,79
02_3;02_3_4;2,761;2,191;0,833;121,061
02_3;02_3_5;4,542;3,608;1,22;180,18
02_4;02_4_1;5,068;4,4;1,48;196,003
02_4;02_4_2;6,678;5,901;1,938;263,686
02_4;02_4_3;6,692;6,341;1,941;258,854
02_4;02_4_4;9,225;8,021;2,55;317,005
02_4;02_4_5;6,842;5,919;1,915;248,77
02_5;02_5_1;5,467;4,456;1,79;196,583
02_5;02_5_2;4,42;3,717;1,602;176,975
02_5;02_5_3;4,12;3,193;1,382;142,763
02_5;02_5_4;5,418;4,435;1,881;202,735
02_5;02_5_5;4,689;3,065;1,276;173,29
02_6;02_6_1;7,45;5,701;2,535;264,661
02_6;02_6_2;7,234;6,425;2,176;215,001
02_6;02_6_3;3,978;3,483;1,249;133,588
02_6;02_6_4;10,552;5,949;3,591;370,162
02_6;02_6_5;8,294;7,3;2,54;248,482
03_1;03_1_1;0,674;0,544;0,342;20,437
03_1;03_1_2;0,637;0,527;0,317;19,278
03_1;03_1_3;0,34;0,274;0,171;10,827
03_1;03_1_4;0,506;0,391;0,247;15,55
03_1;03_1_5;0,787;0,661;0,393;22,549
03_2;03_2_1;0,469;0,367;0,227;10,48
03_2;03_2_2;1,115;0,869;0,534;25,731
03_2;03_2_3;1,104;0,888;0,533;25,181
03_2;03_2_4;1,006;0,791;0,5;22,225
03_2;03_2_5;0,96;0,608;0,526;20,659
03_3;03_3_1;0,78;0,573;0,395;18,793
03_3;03_3_2;1,472;1,067;0,769;33,615
03_3;03_3_3;0,657;0,488;0,369;15,41
03_3;03_3_4;0,806;0,572;0,436;18,163
03_3;03_3_5;0,802;0,531;0,41;18,328
03_4;03_4_1;0,384;0,307;0,182;13,741
03_4;03_4_2;0,899;0,726;0,415;29,52
03_4;03_4_3;0,743;0,617;0,352;24,288
03_4;03_4_4;1,327;1,093;0,589;49,993
03_4;03_4_5;1,4;1,024;0,77;41,211
03_5;03_5_1;0,598;0,46;0,327;10,664
03_5;03_5_2;0,868;0,729;0,448;16,663
03_5;03_5_3;0,662;0,495;0,376;12,949
03_5;03_5_4;0,962;0,783;0,48;17,703
03_5;03_5_5;1,333;0,984;0,76;24,086
03_6;03_6_1;1,146;0,758;0,667;20,646
03_6;03_6_2;1,41;0,902;0,8;26,31
03_6;03_6_3;1,013;0,686;0,554;17,94
03_6;03_6_4;1,21;0,989;0,63;21,866
03_6;03_6_5;1,222;1,017;0,619;21,676
04_1;04_1_1;0,431;0,23;0,19;10,298
04_1;04_1_2;0,599;0,358;0,261;13,861
04_1;04_1_3;0,471;0,25;0,204;10,844
04_1;04_1_4;0,456;0,241;0,2;10,907
04_1;04_1_5;0,721;0,444;0,352;15,476
04_2;04_2_1;0,476;0,289;0,244;11,082
04_2;04_2_2;0,534;0,348;0,271;11,47
04_2;04_2_3;0,547;0,355;0,276;12,588
04_2;04_2_4;0,48;0,298;0,266;9,742
04_2;04_2_5;0,421;0,271;0,216;9,693
04_3;04_3_1;0,799;0,467;0,426;16,715
04_3;04_3_2;0,719;0,406;0,357;15,247
04_3;04_3_3;0,675;0,366;0,329;14,486
04_3;04_3_4;0,828;0,483;0,431;16,88
04_3;04_3_5;0,628;0,36;0,332;13,956
04_4;04_4_1;0,934;0,493;0,44;19
04_4;04_4_2;0,908;0,533;0,435;17,288
04_4;04_4_3;0,622;0,321;0,287;13,414
04_4;04_4_4;1,658;0,91;0,774;31,722
04_4;04_4_5;1,588;0,828;0,735;31,199
04_5;04_5_1;0,569;0,334;0,3;14,627
04_5;04_5_2;0,82;0,508;0,434;20,501
04_5;04_5_3;0,426;0,277;0,223;10,848
04_5;04_5_4;0,412;0,24;0,211;10,777
04_5;04_5_5;0,854;0,547;0,449;21,149
04_6;04_6_1;0,819;0,508;0,446;17,836
04_6;04_6_2;0,487;0,282;0,269;11,443
04_6;04_6_3;1,109;0,669;0,597;22,838
04_6;04_6_4;0,743;0,454;0,353;16,755
04_6;04_6_5;0,642;0,39;0,354;14,262
05_1;05_1_1;1,2;0,859;0,541;22,205
05_1;05_1_2;0,651;0,455;0,29;13,839
05_1;05_1_3;0,837;0,459;0,4;16,666
05_1;05_1_4;1,055;0,79;0,481;20,935
05_1;05_1_5;0,708;0,416;0,317;15,945
05_2;05_2_1;0,66;0,58;0,315;15,664
05_2;05_2_2;1,43;1,158;0,655;31,171
05_2;05_2_3;1,668;1,415;0,777;34,606
05_2;05_2_4;0,63;0,487;0,288;15,202
05_2;05_2_5;1,412;1,195;0,654;30,93
05_3;05_3_1;0,706;0,64;0,339;16,666
05_3;05_3_2;1,111;1,003;0,533;24,576
05_3;05_3_3;0,871;0,792;0,407;21,737
05_3;05_3_4;0,675;0,584;0,324;15,847
05_3;05_3_5;0,959;0,625;0,504;19,354
05_4;05_4_1;0,54;0,383;0,261;12,783
05_4;05_4_2;0,554;0,485;0,267;13,112
05_4;05_4_3;0,644;0,563;0,307;15,313
05_4;05_4_4;0,608;0,487;0,296;13,771
05_4;05_4_5;0,852;0,713;0,403;17,621
05_5;05_5_1;1,116;1,009;0,529;22,752
05_5;05_5_2;0,488;0,441;0,231;11,727
05_5;05_5_3;0,667;0,472;0,342;13,545
05_5;05_5_4;0,519;0,458;0,247;11,697
05_5;05_5_5;0,708;0,612;0,341;15,187
05_6;05_6_1;0,55;0,483;0,253;14,228
05_6;05_6_2;0,706;0,611;0,32;17,739
05_6;05_6_3;0,749;0,663;0,345;18,086
05_6;05_6_4;0,706;0,607;0,33;16,062
05_6;05_6_5;0,9;0,605;0,465;18,553
06_1;06_1_1;1,812;1,465;0,66;36,356
06_1;06_1_2;1,529;1,174;0,671;28,951
06_1;06_1_3;2,581;1,908;0,975;44,797
06_1;06_1_4;1,56;1,309;0,575;29,442
06_1;06_1_5;2,089;1,672;0,79;41,75
06_2;06_2_1;0,81;0,671;0,287;22,186
06_2;06_2_2;1,041;0,888;0,372;28,437
06_2;06_2_3;0,801;0,682;0,285;22,291
06_2;06_2_4;1,043;0,784;0,374;27,316
06_2;06_2_5;1,085;0,87;0,382;28,399
06_3;06_3_1;1,642;1,456;0,612;42,42
06_3;06_3_2;2,403;1,743;1,093;55,056
06_3;06_3_3;1,948;1,553;0,874;47,03
06_3;06_3_4;2,009;1,752;0,755;49,897
06_3;06_3_5;1,726;1,479;0,647;43,169
06_4;06_4_1;1,505;0,921;0,635;32,419
06_4;06_4_2;1,665;1,16;0,692;38,106
06_4;06_4_3;1,804;1,185;0,769;39,746
06_4;06_4_4;1,834;1,224;0,788;40,73
06_4;06_4_5;1,415;0,99;0,59;30,908
06_5;06_5_1;1,488;1,083;0,675;32,602
06_5;06_5_2;1,296;0,939;0,584;27,897
06_5;06_5_3;1,307;1,009;0,589;28,031
06_5;06_5_4;1,229;0,97;0,542;27,494
06_5;06_5_5;1,074;0,831;0,469;24,386
06_6;06_6_1;1,757;1,447;0,597;39,886
06_6;06_6_2;1,542;1,308;0,55;30,826
06_6;06_6_3;2,358;1,933;0,814;50,583
06_6;06_6_4;1,521;1,124;0,458;33,476
06_6;06_6_5;1,758;1,503;0,597;38,598
07_1;07_1_1;1,321;1,283;0,634;19,86240539
07_1;07_1_2;1,484;1,376;0,693;24,57605101
07_1;07_1_3;1,43;1,408;0,7;23,29192501
07_1;07_1_4;2,151;2,065;1,05;309,2175401
07_1;07_1_5;1,168;1,124;0,558;20,12425714
07_2;07_2_1;2,933;2,774;1,421;41,02378081
07_2;07_2_2;2,5;2,371;1,118;37,31952891
07_2;07_2_3;2,252;2,137;1,082;34,57699706
07_2;07_2_4;2,496;2,354;1,165;35,94767394
07_2;07_2_5;2,292;2,139;1,112;36,93444819
07_3;07_3_1;2,058;1,994;0,949;30,64584364
07_3;07_3_2;2,439;2,344;1,106;36,89800572
07_3;07_3_3;1,903;1,842;0,868;33,29224275
07_3;07_3_4;2,507;2,43;1,182;38,20192375
07_3;07_3_5;2,19;2,094;1,03;36,65963737
07_4;07_4_1;1,927;1,803;0,794;41,11959938
07_4;07_4_2;2,591;2,427;1,087;49,30666838
07_4;07_4_3;1,893;1,772;0,809;41,34893565
07_4;07_4_4;1,684;1,559;0,705;36,80705661
07_4;07_4_5;1,99;1,876;0,841;37,92884081
07_5;07_5_1;1,717;1,673;0,846;28,90500861
07_5;07_5_2;1,571;1,533;0,748;26,50326102
07_5;07_5_3;1,058;1,03;0,51;22,04612645
07_5;07_5_4;1,109;1,075;0,519;20,8256177
07_5;07_5_5;1,028;0,996;0,481;20,23861111
07_6;07_6_1;3,167;3,079;1,391;38,81806861
07_6;07_6_2;3,735;3,655;1,705;48,14294392
07_6;07_6_3;2,578;2,502;1,191;36,95926677
07_6;07_6_4;2,751;2,687;1,88;38,68792813
07_6;07_6_5;3,351;3,264;1,578;47,67052693
08_1;08_1_1;0,11;0,075;0,056;18,59822851
08_1;08_1_2;0,119;0,073;0,063;4,849833659
08_1;08_1_3;0,081;0,055;0,04;3,894632413
08_1;08_1_4;0,128;0,078;0,054;5,013039397
08_1;08_1_5;0,056;0,035;0,03;3,146619202
08_2;08_2_1;0,134;0,076;0,063;5,82451278
08_2;08_2_2;0,182;0,098;0,087;7,596371036
08_2;08_2_3;0,129;0,072;0,06;5,575698642
08_2;08_2_4;0,139;0,081;0,066;6,042932009
08_2;08_2_5;0,105;0,06;0,048;4,569132355
08_3;08_3_1;0,124;0,071;0,064;4,958611305
08_3;08_3_2;0,115;0,065;0,058;4,260942116
08_3;08_3_3;0,131;0,073;0,066;4,711210883
08_3;08_3_4;0,128;0,072;0,064;5,290599108
08_3;08_3_5;0,138;0,08;0,071;5,623765009
09_1;09_1_1;1,19;0,992;0,576;31,976
09_1;09_1_2;2,693;2,063;1,259;65,95
09_1;09_1_3;2,618;2,016;1,288;66,883
09_1;09_1_4;2,511;1,886;1,206;64,396
09_1;09_1_5;2,024;1,626;0,942;49,976
09_2;09_2_1;1,92;1,58;0,986;48,078
09_2;09_2_2;2,081;1,554;1,142;46,132
09_2;09_2_3;4,003;3,387;2,066;88,484
09_2;09_2_4;2,308;1,912;1,188;55,51
09_2;09_2_5;3;2,439;1,531;70,177
09_3;09_3_1;2,678;2,332;1,147;64,722
09_3;09_3_2;2,111;1,822;0,926;54,146
09_3;09_3_3;1,987;1,73;0,851;50,343
09_3;09_3_4;1,9;1,651;0,834;46,758
09_3;09_3_5;2,686;2,339;1,161;64,673
09_4;09_4_1;3,518;2,882;1,528;83,902
09_4;09_4_2;3,046;2,608;1,288;76,784
09_4;09_4_3;2,458;2,023;1,083;57,914
09_4;09_4_4;2,541;1,961;1,058;59,032
09_4;09_4_5;2,642;2,288;1,163;63,33
09_5;09_5_1;2,175;1,828;0,919;50,236
09_5;09_5_2;2,049;1,74;0,871;49,558
09_5;09_5_3;2,193;1,879;0,906;50,1
09_5;09_5_4;2,553;2,119;1,087;58,537
09_5;09_5_5;1,037;0,899;0,435;27,084
09_6;09_6_1;1,364;1,241;0,555;41,986
09_6;09_6_2;1,578;1,375;0,647;59,806
09_6;09_6_3;1,588;1,309;0,572;49,68
09_6;09_6_4;2,078;1,725;0,802;87,274
09_6;09_6_5;3,878;3,134;1,525;44,775
10_1;10_1_1;0,742;0,366;0,325;16,237
10_1;10_1_2;0,323;0,27;0,1;7,917
10_1;10_1_3;0,313;0,212;0,097;7,019
10_1;10_1_4;0,313;0,244;0,1;7,875
10_1;10_1_5;0,34;0,305;0,096;7,774
10_2;10_2_1;0,34;0,16;0,132;7,315
10_2;10_2_2;0,263;0,144;0,083;5,997
10_2;10_2_3;0,266;0,179;0,082;6,198
10_2;10_2_4;0,238;0,123;0,097;6,136
10_2;10_2_5;0,179;0,094;0,074;4,958
10_3;10_3_1;0,386;0,248;0,106;8,814
10_3;10_3_2;0,364;0,155;0,114;8,57
10_3;10_3_3;0,387;0,164;0,128;8,622
10_3;10_3_4;0,356;0,217;0,106;8,553
10_3;10_3_5;0,38;0,218;0,114;9,003
10_4;10_4_1;0,228;0,104;0,063;5,575
10_4;10_4_2;0,346;0,156;0,125;8,071
10_4;10_4_3;0,386;0,166;0,134;9,148
10_4;10_4_4;0,34;0,16;0,13;7,602
10_4;10_4_5;0,318;0,146;0,113;7,638
10_5;10_5_1;0,511;0,33;0,173;12,707
10_5;10_5_2;0,393;0,209;0,122;10,066
10_5;10_5_3;0,495;0,202;0,167;12,52
10_5;10_5_4;0,493;0,353;0,158;12,358
10_5;10_5_5;0,46;0,302;0,144;11,407
10_6;10_6_1;0,436;0,216;0,142;9,878
10_6;10_6_2;0,486;0,332;0,158;10,371
10_6;10_6_3;0,447;0,388;0,146;10,435
10_6;10_6_4;0,397;0,184;0,156;8,938
10_6;10_6_5;0,266;0,13;0,104;6,478
11_1;11_1_1;1,606;1,482;0,704;27,314
11_1;11_1_2;2,154;1,987;0,907;37,557
11_1;11_1_3;2,086;1,9;0,887;36,135
11_1;11_1_4;2,276;2,107;0,959;39,569
11_1;11_1_5;1,999;1,851;0,854;34,121
11_2;11_2_1;3,078;2,414;1,402;43,371
11_2;11_2_2;3,21;2,742;1,422;45,066
11_2;11_2_3;2,478;1,997;1,125;33,882
11_2;11_2_4;3,098;2,539;1,445;42,313
11_2;11_2_5;3,014;2,611;1,354;43,365
11_3;11_3_1;3,628;3,173;1,576;60,344
11_3;11_3_2;4,123;3,251;1,833;65,485
11_3;11_3_3;3,192;2,701;1,38;51,977
11_3;11_3_4;2,248;1,613;0,987;38,55
11_3;11_3_5;2,068;1,748;0,924;34,792
11_4;11_4_1;2,955;2,79;1,161;47,276
11_4;11_4_2;3,334;3,13;1,32;52,724
11_4;11_4_3;2,848;2,694;1,049;48,672
11_4;11_4_4;2,398;2,233;0,966;38,31
11_4;11_4_5;2,401;2,236;0,91;42,237
11_5;11_5_1;6,451;5,173;2,538;101,343
11_5;11_5_2;6,79;5,39;2,649;110,177
11_5;11_5_3;6,936;5,927;2,641;110,635
11_5;11_5_4;5,861;4,811;2,244;96,898
11_5;11_5_5;6,329;5,127;2,517;102,77
11_6;11_6_1;4,347;3,937;1,872;62,494
11_6;11_6_2;1,857;1,62;0,84;27,461
11_6;11_6_3;4,061;3,551;1,819;57,472
11_6;11_6_4;4,324;3,822;1,891;60,198
11_6;11_6_5;1,819;1,599;0,796;28,06
12_1;12_1_1;0,911;0,729;0,472;18,942
12_1;12_1_2;0,809;0,668;0,423;16,371
12_1;12_1_3;0,686;0,57;0,363;14,449
12_1;12_1_4;0,63;0,538;0,332;12,886
12_1;12_1_5;0,66;0,426;0,37;13,415
12_2;12_2_1;0,388;0,333;0,192;7,203
12_2;12_2_2;0,984;0,753;0,534;16,162
12_2;12_2_3;0,716;0,582;0,383;12,012
12_2;12_2_4;0,981;0,823;0,528;16,593
12_2;12_2_5;0,447;0,384;0,236;7,741
12_3;12_3_1;1,049;0,711;0,558;18,924
12_3;12_3_2;1,009;0,903;0,499;17,893
12_3;12_3_3;1,006;0,79;0,496;18,032
12_3;12_3_4;1,167;0,758;0,634;21,22
12_3;12_3_5;1,139;0,684;0,602;20,958
12_4;12_4_1;1,099;0,871;0,561;22,624
12_4;12_4_2;0,808;0,656;0,412;16,97
12_4;12_4_3;0,719;0,628;0,366;14,075
12_4;12_4_4;0,985;0,717;0,493;19,338
12_4;12_4_5;1,057;0,832;0,531;20,083
12_5;12_5_1;1,392;1,22;0,695;27,555
12_5;12_5_2;0,548;0,473;0,28;11,971
12_5;12_5_3;1,1;0,96;0,555;23,263
12_5;12_5_4;0,545;0,471;0,277;12,181
12_5;12_5_5;1,243;1,087;0,631;24,775
12_6;12_6_1;0,493;0,395;0,254;9,486
12_6;12_6_2;0,662;0,399;0,361;11,691
12_6;12_6_3;0,468;0,308;0,254;9,24
12_6;12_6_4;0,65;0,406;0,363;11,376
12_6;12_6_5;0,399;0,283;0,224;7,69
13_1;13_1_1;5,994;5,51;2,186;173,082
13_1;13_1_2;3,165;2,66;1,296;77,111
13_1;13_1_3;4,25;3,442;1,595;114,438
13_1;13_1_4;6,12;5,64;2,13;181,491
13_1;13_1_5;4,306;3,452;1,759;106,943
13_2;13_2_1;2,492;2,121;0,921;72,413
13_2;13_2_2;8,104;7,082;3,26;208,635
13_2;13_2_3;2,812;2,408;1,887;75,929
13_2;13_2_4;7,972;5,781;3,049;197,8
13_2;13_2_5;2,783;2,166;1,065;79,107
13_3;13_3_1;4,173;3,431;1,625;118,706
13_3;13_3_2;3,406;2,875;1,305;103,419
13_3;13_3_3;3,656;3,126;1,485;103,591
13_3;13_3_4;4,382;3,507;1,8;125,861
13_3;13_3_5;4,092;2,901;1,685;119,763
13_4;13_4_1;2,928;2,597;1,263;78,764
13_4;13_4_2;3,301;2,869;1,358;94,559
13_4;13_4_3;3,357;2,986;1,423;93,191
13_4;13_4_4;3,41;3,239;1,488;90,986
13_4;13_4_5;3,614;3,293;1,37;107,271
13_5;13_5_1;2,834;2,159;1,332;73,775
13_5;13_5_2;3,181;2,829;1,274;95,493
13_5;13_5_3;2,662;2,125;1,192;75,619
13_5;13_5_4;2,988;2,352;1,284;87,119
13_5;13_5_5;3,531;2,918;1,584;99,154
13_6;13_6_1;2,483;2,235;1,049;64,985
13_6;13_6_2;3,507;3,04;1,001;66,099
13_6;13_6_3;2,359;2,056;0,978;63,402
13_6;13_6_4;3,612;3,352;1,482;98,09
13_6;13_6_5;3,571;3,329;1,496;96,789
14_1;14_1_1;0,348;0,265;0,091;10,097
14_1;14_1_2;0,345;0,258;0,094;11,038
14_1;14_1_3;0,496;0,373;0,131;14,643
14_1;14_1_4;0,351;0,276;0,093;11,406
14_1;14_1_5;0,338;0,262;0,092;10,857
14_2;14_2_1;0,253;0,197;0,078;7,12
14_2;14_2_2;0,411;0,331;0,118;9,462
14_2;14_2_3;0,331;0,279;0,095;8,475
14_2;14_2_4;0,185;0,142;0,059;5,611
14_2;14_2_5;0,345;0,267;0,099;7,661
14_3;14_3_1;0,287;0,23;0,083;9,321
14_3;14_3_2;0,277;0,203;0,082;9,064
14_3;14_3_3;0,226;0,18;0,065;7,783
14_3;14_3_4;0,561;0,281;0,151;14,891
14_3;14_3_5;0,327;0,222;0,097;10,288
14_4;14_4_1;0,26;0,202;0,091;8,126
14_4;14_4_2;0,155;0,107;0,058;5,321
14_4;14_4_3;0,224;0,162;0,08;6,882
14_4;14_4_4;0,169;0,126;0,062;5,566
14_4;14_4_5;0,3;0,22;0,106;8,919
14_5;14_5_1;0,26;0,217;0,075;6,706
14_5;14_5_2;0,542;0,377;0,145;9,674
14_5;14_5_3;0,313;0,257;0,091;8,768
14_5;14_5_4;0,357;0,268;0,099;8,832
14_5;14_5_5;0,382;0,307;0,105;8,298
14_6;14_6_1;0,128;0,085;0,04;5,009
14_6;14_6_2;0,109;0,075;0,035;4,442
14_6;14_6_3;0,178;0,13;0,065;6,724
14_6;14_6_4;0,128;0,09;0,041;4,94
14_6;14_6_5;0,149;0,109;0,045;5,982
15_1;15_1_1;2,021;1,755;0,729;73,585
15_1;15_1_2;2,194;1,871;0,826;74,651
15_1;15_1_3;1,872;1,55;0,661;69,688
15_1;15_1_4;1,98;1,729;0,718;71,568
15_1;15_1_5;1,983;1,749;0,732;73,791
15_2;15_2_1;2,355;2,035;0,685;89,173
15_2;15_2_2;2,563;2,323;0,798;98,172
15_2;15_2_3;2,433;2,18;0,814;89,429
15_2;15_2_4;1,276;1,134;0,407;52,985
15_2;15_2_5;1,566;1,394;0,553;59,453
15_3;15_3_1;1,615;1,449;0,539;62,959
15_3;15_3_2;1,704;1,208;0,563;68,782
15_3;15_3_3;1,692;1,484;0,551;68,898
15_3;15_3_4;1,788;1,606;0,604;70,257
15_3;15_3_5;1,042;0,857;0,327;41,32
15_4;15_4_1;2,979;2,754;1,121;103,473
15_4;15_4_2;2,712;2,388;1,171;86,969
15_4;15_4_3;2,494;2,23;1,069;84,519
15_4;15_4_4;2,994;2,7;1,293;92,277
15_4;15_4_5;3,299;2,911;1,467;99,708
15_5;15_5_1;2,117;1,907;0,812;71,023
15_5;15_5_2;1,878;1,675;0,723;63,542
15_5;15_5_3;1,875;1,592;0,792;54,171
15_5;15_5_4;1,632;1,49;0,625;53,354
15_5;15_5_5;1,877;1,709;0,696;66,24
15_6;15_6_1;1,62;1,433;0,551;58,52
15_6;15_6_2;1,65;1,436;0,526;62,835
15_6;15_6_3;1,875;1,68;0,605;67,822
15_6;15_6_4;1,311;1,155;0,446;48,646
15_6;15_6_5;1,315;1,164;0,452;48,994
16_1;16_1_1;4,202;2,661;1,441;173,336
16_1;16_1_2;3,631;2,349;1,274;165,312
16_1;16_1_3;3,053;1,821;1,199;149,768
16_1;16_1_4;4,213;2,206;1,324;193,135
16_1;16_1_5;4,63;2,101;1,642;180,215
16_2;16_2_1;2,201;1,863;0,66;93,058
16_2;16_2_2;1,622;0,742;0,609;61,452
16_2;16_2_3;2,399;1,81;0,905;93,67
16_2;16_2_4;3,696;1,326;1,258;155,626
16_2;16_2_5;4,446;3,73;1,355;189,184
16_3;16_3_1;5,485;2,872;1,922;266,458
16_3;16_3_2;7,066;5,974;2,324;304,994
16_3;16_3_3;4,55;2,316;1,652;207,568
16_3;16_3_4;2,123;1,703;0,811;74,377
16_3;16_3_5;2,266;2,089;0,754;88,48
16_4;16_4_1;3,663;2,85;1,36;156,138
16_4;16_4_2;3,414;2,658;1,263;124,708
16_4;16_4_3;3,528;2,818;1,262;136,934
16_4;16_4_4;2,723;2,289;0,972;118,267
16_4;16_4_5;3,867;2,44;1,452;156,266
16_5;16_5_1;2,436;2,01;0,808;101,58
16_5;16_5_2;2,47;1,894;1,035;100,387
16_5;16_5_3;4,36;3,119;1,314;236,819
16_5;16_5_4;3,023;1,847;0,815;146,79
16_5;16_5_5;4,238;3,162;1,286;199,183
16_6;16_6_1;3,128;1,542;1,064;134,274
16_6;16_6_2;3,692;2,804;1,149;157,433
16_6;16_6_3;3,595;2,965;1,059;156,691
16_6;16_6_4;3,79;2,874;1,242;161,548
16_6;16_6_5;2,145;0,875;0,807;82,443
17_1;17_1_1;20,033;19,075;4,359;451,654
17_1;17_1_2;8,07;7,596;1,605;204,167
17_1;17_1_3;13,033;12,327;2,942;300,173
17_1;17_1_4;21,649;20,393;4,966;462,262
17_1;17_1_5;27,679;26,065;5,599;626,515
17_2;17_2_1;14,798;14,136;3,365;314,862
17_2;17_2_2;17,161;16,54;4,143;388,712
17_2;17_2_3;14,194;13,576;3,191;322,159
17_2;17_2_4;20,388;19,575;4,558;458,518
17_2;17_2_5;16,45;15,823;3,741;363,103
17_3;17_3_1;13,063;12,512;2,91;334,901
17_3;17_3_2;11,887;11,307;2,645;282,135
17_3;17_3_3;9,535;9,079;2,229;247,431
17_3;17_3_4;10,23;9,731;2,269;251,921
17_3;17_3_5;20,7;19,915;4,335;477,359
17_4;17_4_1;19,04;18,212;4,266;414,408
17_4;17_4_2;18,6;17,849;4,266;399,263
17_4;17_4_3;19,36;18,642;4,842;428,064
17_4;17_4_4;22,605;21,78;5,204;500,368
17_4;17_4_5;9,18;8,807;2,365;218,826
17_5;17_5_1;6,17;5,79;1,704;138,805
17_5;17_5_2;16,035;15,307;4,093;343,909
17_5;17_5_3;16,14;15,485;4,133;344,125
17_5;17_5_4;23,252;22,194;5,832;465,417
17_5;17_5_5;25,88;25,15;6,561;526,308
17_6;17_6_1;25,923;24,758;6,998;554,444
17_6;17_6_2;18,361;17,501;4,565;383,273
17_6;17_6_3;11,099;10,447;3,09;244,627
17_6;17_6_4;31,42;29,712;7,673;642,466
17_6;17_6_5;10,068;9,599;2,763;222,252
18_1;18_1_1;0,0044;0,0012;0,0008;0,2718
18_1;18_1_2;0,0044;0,0012;0,0008;0,2718
18_1;18_1_3;0,0044;0,0012;0,0008;0,2718
18_1;18_1_4;0,0044;0,0012;0,0008;0,2718
18_1;18_1_5;0,0044;0,0012;0,0008;0,2718
18_2;18_2_1;0,0052;0,0014;0,0012;0,3084
18_2;18_2_2;0,0052;0,0014;0,0012;0,3084
18_2;18_2_3;0,0052;0,0014;0,0012;0,3084
18_2;18_2_4;0,0052;0,0014;0,0012;0,3084
18_2;18_2_5;0,0052;0,0014;0,0012;0,3084
18_3;18_3_1;0,005;0,0018;0,0014;0,3008
18_3;18_3_2;0,005;0,0018;0,0014;0,3008
18_3;18_3_3;0,005;0,0018;0,0014;0,3008
18_3;18_3_4;0,005;0,0018;0,0014;0,3008
18_3;18_3_5;0,005;0,0018;0,0014;0,3008
18_4;18_4_1;0,0018;0,0008;0,00075;0,1646
18_4;18_4_2;0,0018;0,0008;0,00075;0,1646
18_4;18_4_3;0,0018;0,0008;0,00075;0,1646
18_4;18_4_4;0,0018;0,0008;0,00075;0,1646
18_4;18_4_5;0,0018;0,0008;0,00075;0,1646
18_5;18_5_1;0,0048;0,0016;0,0012;0,2858
18_5;18_5_2;0,0048;0,0016;0,0012;0,2858
18_5;18_5_3;0,0048;0,0016;0,0012;0,2858
18_5;18_5_4;0,0048;0,0016;0,0012;0,2858
18_5;18_5_5;0,0048;0,0016;0,0012;0,2858
18_6;18_6_1;0,0036;0,0012;0,0011;0,1954
18_6;18_6_2;0,0036;0,0012;0,0011;0,1954
18_6;18_6_3;0,0036;0,0012;0,0011;0,1954
18_6;18_6_4;0,0036;0,0012;0,0011;0,1954
18_6;18_6_5;0,0036;0,0012;0,0011;0,1954
19_1;19_1_1;6,708;6,134;2,495;166,944
19_1;19_1_2;8,502;7,606;3,136;237,121
19_1;19_1_3;8,175;7,6;3,455;197,979
19_1;19_1_4;6,963;6,286;2,976;185,465
19_1;19_1_5;13,271;12,187;5,861;332,682
19_2;19_2_1;8,62;7,788;2,934;222,87
19_2;19_2_2;6,513;5,878;2,227;180,966
19_2;19_2_3;7,726;7,125;2,675;227,961
19_2;19_2_4;8,073;7,141;3,445;238,283
19_2;19_2_5;3,971;3,704;1,344;129,385
19_3;19_3_1;4,819;4,042;1,818;151,318
19_3;19_3_2;6,271;5,819;2,168;188,553
19_3;19_3_3;5,037;4,821;1,683;167,852
19_3;19_3_4;3,581;3,317;1,19;125,18
19_3;19_3_5;6,007;5,532;2,396;158,362
19_4;19_4_1;9,52;8,787;3,345;277,363
19_4;19_4_2;6,468;6,066;2,302;183,734
19_4;19_4_3;6,079;5,661;2,154;168,877
19_4;19_4_4;3,942;3,372;1,723;110,167
19_4;19_4_5;9,805;8,354;3,325;284,997
19_5;19_5_1;3,595;3,14;1,41;102,632
19_5;19_5_2;3,212;2,881;1,102;93,419
19_5;19_5_3;5,328;4,953;1,835;140,386
19_5;19_5_4;5,667;5,115;1,863;168,302
19_5;19_5_5;6,96;6,416;2,433;195,119
19_6;19_6_1;2,239;1,981;0,71;78,492
19_6;19_6_2;2,425;2,128;0,896;89,283
19_6;19_6_3;2,472;1,923;0,783;96,31
19_6;19_6_4;6,082;5,676;2,116;173,573
19_6;19_6_5;6,122;5,428;2,107;162,579
20_1;20_1_1;2,751;2,541;0,734;97,042
20_1;20_1_2;1,837;1,718;0,498;67,24
20_1;20_1_3;1,612;1,483;0,438;64,355
20_1;20_1_4;2,744;2,56;0,731;93,914
20_1;20_1_5;2,212;2,009;0,608;76,175
20_2;20_2_1;1,082;0,982;0,279;53,392
20_2;20_2_2;2,447;2,275;0,608;91,747
20_2;20_2_3;1,838;1,677;0,474;76,394
20_2;20_2_4;1,598;1,275;0,4;61,767
20_2;20_2_5;1,985;1,748;0,502;84,344
20_3;20_3_1;1,293;1,209;0,357;43,044
20_3;20_3_2;1,327;1,202;0,337;44,923
20_3;20_3_3;0,91;0,84;0,324;31,065
20_3;20_3_4;1,041;0,975;0,271;38,089
20_3;20_3_5;1,209;1,103;0,318;40,65
20_4;20_4_1;1,828;1,709;0,482;65,545
20_4;20_4_2;2,14;2,006;0,531;79,052
20_4;20_4_3;2,236;2,098;0,544;80,001
20_4;20_4_4;2,341;2,204;0,573;79,842
20_4;20_4_5;2,966;2,782;0,749;100,674
20_5;20_5_1;1,843;1,738;0,465;72,619
20_5;20_5_2;2,151;2,025;0,517;75,806
20_5;20_5_3;2,111;1,967;0,515;79,267
20_5;20_5_4;1,051;0,987;0,283;42,917
20_5;20_5_5;0,991;0,928;0,271;39,108
20_6;20_6_1;2,215;2,072;0,616;69,502
20_6;20_6_2;2,395;2,141;0,624;73,141
20_6;20_6_3;3,106;2,889;0,883;93,117
20_6;20_6_4;1,867;1,717;0,467;62,023
20_6;20_6_5;2,432;2,278;0,664;73,569
21_1;21_1_1;2,093;1,872;0,236;41,567
21_1;21_1_2;2,344;2,065;0,258;43,79
21_1;21_1_3;2,662;2,45;0,284;50,16
21_1;21_1_4;3,092;2,877;0,393;52,962
21_1;21_1_5;1,879;1,689;0,16;40,558
21_2;21_2_1;2,584;2,281;0,272;44,463
21_2;21_2_2;6,486;6,066;0,522;80,205
21_2;21_2_3;3,383;2,982;0,373;58,363
21_2;21_2_4;4,183;3,851;0,385;58,099
21_2;21_2_5;2,084;1,909;0,332;43,044
21_3;21_3_1;2,889;2,598;0,309;42,971
21_3;21_3_2;1,89;1,658;0,211;32,999
21_3;21_3_3;3,33;3,042;0,316;45,514
21_3;21_3_4;2,519;2,247;0,282;39,023
21_3;21_3_5;1,587;1,389;0,198;32,976
21_4;21_4_1;1,626;1,392;0,198;47,355
21_4;21_4_2;1,969;1,601;0,24;54,109
21_4;21_4_3;2,004;1,76;0,247;55,592
21_4;21_4_4;1,857;1,556;0,232;53,315
21_4;21_4_5;2,201;1,89;0,267;57,689
21_5;21_5_1;1,514;1,303;0,197;31,242
21_5;21_5_2;2,036;1,736;0,261;37,441
21_5;21_5_3;2,424;2,11;0,332;48,252
21_5;21_5_4;1,801;1,527;0,252;38,329
21_5;21_5_5;1,113;0,965;0,154;26,058
21_6;21_6_1;2,373;2,134;0,274;51,289
21_6;21_6_2;3,157;2,86;0,372;60,616
21_6;21_6_3;3,057;2,479;0,341;51,996
21_6;21_6_4;3,544;3,144;0,411;73,702
21_6;21_6_5;4,169;3,741;0,464;68,999
22_1;22_1_1;0,253;0,216;0,081;7,274
22_1;22_1_2;0,203;0,174;0,058;5,962
22_1;22_1_3;0,233;0,185;0,062;6,699
22_1;22_1_4;0,258;0,22;0,084;7,086
22_1;22_1_5;0,201;0,163;0,053;5,706
22_2;22_2_1;0,417;0,355;0,175;10,953
22_2;22_2_2;0,187;0,132;0,072;4,885
22_2;22_2_3;0,241;0,22;0,069;7,876
22_2;22_2_4;0,409;0,312;0,176;10,669
22_2;22_2_5;0,235;0,167;0,064;8,192
22_3;22_3_1;0,222;0,195;0,058;7,848
22_3;22_3_2;0,306;0,284;0,101;9,707
22_3;22_3_3;0,303;0,197;0,115;9,271
22_3;22_3_4;0,218;0,196;0,057;7,574
22_3;22_3_5;0,247;0,22;0,07;8,495
22_4;22_4_1;0,373;0,326;0,14;11,225
22_4;22_4_2;0,328;0,287;0,126;9,739
22_4;22_4_3;0,273;0,245;0,082;8,689
22_4;22_4_4;0,164;0,11;0,056;4,909
22_4;22_4_5;0,304;0,26;0,116;9,037
22_5;22_5_1;0,128;0,083;0,035;3,752
22_5;22_5_2;0,188;0,157;0,053;7,299
22_5;22_5_3;0,187;0,158;0,052;7,03
22_5;22_5_4;0,109;0,085;0,037;4,376
22_5;22_5_5;0,105;0,086;0,032;4,275
22_6;22_6_1;0,267;0,228;0,074;9,507
22_6;22_6_2;0,261;0,193;0,074;7,052
22_6;22_6_3;0,29;0,206;0,081;7,448
22_6;22_6_4;0,325;0,256;0,093;11,694
22_6;22_6_5;0,333;0,213;0,083;8,626
08_4;08_4_1;0,018;0,007;0,007;2,177123709
08_4;08_4_2;0,015;0,01;0,008;1,08188597
08_4;08_4_3;0,021;0,012;0,009;1,628601632
08_4;08_4_4;0,016;0,01;0,008;1,282083962
08_4;08_4_5;0,018;0,011;0,008;1,311929092
08_5;08_5_1;0,103;0,072;0,045;4,288273972
08_5;08_5_2;0,074;0,059;0,033;4,007886828
08_5;08_5_3;0,083;0,052;0,036;4,067734168
08_5;08_5_4;0,116;0,079;0,054;6,027930904
08_5;08_5_5;0,101;0,077;0,05;5,099197576
08_6;08_6_1;0,043;0,027;0,022;2,885160153
08_6;08_6_2;0,038;0,028;0,018;2,70255508
08_6;08_6_3;0,047;0,03;0,024;2,951840457
08_6;08_6_4;0,048;0,028;0,018;3,016635806
08_6;08_6_5;0,051;0,032;0,028;3,138451061
23_1;23_1_1;0,499;0,396;0,253;9,783
23_1;23_1_2;0,672;0,537;0,329;13,226
23_1;23_1_3;0,54;0,42;0,271;11,056
23_1;23_1_4;0,611;0,483;0,309;12,203
23_1;23_1_5;0,575;0,468;0,257;10,637
23_2;23_2_1;0,293;0,231;0,136;7,322
23_2;23_2_2;0,325;0,23;0,141;7,81
23_2;23_2_3;0,227;0,174;0,105;5,565
23_2;23_2_4;0,303;0,253;0,124;7,328
23_2;23_2_5;0,275;0,223;0,125;6,098
23_3;23_3_1;0,283;0,215;0,127;6,14
23_3;23_3_2;0,23;0,142;0,105;5,023
23_3;23_3_3;0,339;0,226;0,152;7,062
23_3;23_3_4;0,348;0,214;0,158;7,555
23_3;23_3_5;0,241;0,154;0,111;5,282
23_4;23_4_1;0,678;0,559;0,293;13,794
23_4;23_4_2;0,746;0,558;0,347;14,691
23_4;23_4_3;0,498;0,286;0,218;13,786
23_4;23_4_4;0,394;0,227;0,183;10,691
23_4;23_4_5;0,462;0,333;0,2;9,345
23_5;23_5_1;0,483;0,363;0,199;11,196
23_5;23_5_2;0,435;0,336;0,178;10,146
23_5;23_5_3;0,48;0,342;0,205;10,94
23_5;23_5_4;0,454;0,35;0,191;10,361
23_5;23_5_5;0,375;0,286;0,17;8,761
23_6;23_6_1;0,538;0,459;0,254;11,217
23_6;23_6_2;0,673;0,548;0,325;14,43
23_6;23_6_3;0,552;0,455;0,262;12,648
23_6;23_6_4;0,541;0,446;0,25;12,064
23_6;23_6_5;0,658;0,5;0,307;14,158
24_1;24_1_1;0,167;0,167;0,074;4,959553782
24_1;24_1_2;0,165;0,165;0,072;6,112753906
24_1;24_1_3;0,151;0,151;0,068;5,838649947
24_1;24_1_4;0,153;0,153;0,067;5,005499575
24_1;24_1_5;0,119;0,119;0,055;5,412021664
24_2;24_2_1;0,117;0,117;0,049;4,383699849
24_2;24_2_2;0,141;0,133;0,056;4,539601384
24_2;24_2_3;0,116;0,112;0,047;4,075745229
24_2;24_2_4;0,124;0,119;0,048;4,003017359
24_2;24_2_5;0,146;0,129;0,057;4,425090332
24_3;24_3_1;0,153;0,14;0,07;4,907167725
24_3;24_3_2;0,143;0,136;0,065;4,712074821
24_3;24_3_3;0,135;0,131;0,062;5,004714177
24_3;24_3_4;0,143;0,139;0,068;4,971570374
24_3;24_3_5;0,145;0,128;0,067;5,178444251
24_4;24_4_1;0,108;0,102;0,05;3,445149044
24_4;24_4_2;0,106;0,09;0,047;3,533192178
24_4;24_4_3;0,1;0,088;0,045;3,575289519
24_4;24_4_4;0,09;0,083;0,043;3,408628029
24_4;24_4_5;0,109;0,099;0,05;3,777451007
24_5;24_5_1;0,193;0,181;0,085;5,49951502
24_5;24_5_2;0,19;0,18;0,083;5,771105705
24_5;24_5_3;0,173;0,164;0,077;5,657222971
24_5;24_5_4;0,199;0,182;0,087;6,203074695
24_5;24_5_5;0,196;0,182;0,07;5,955517193
24_6;24_6_1;0,158;0,138;0,071;4,896957549
24_6;24_6_2;0,161;0,124;0,072;5,056864615
24_6;24_6_3;0,21;0,19;0,087;5,804406587
24_6;24_6_4;0,156;0,13;0,071;5,082704214
24_6;24_6_5;0,219;0,2;0,092;6,003583561
25_1;25_1_1;10,958;8,665;3,986;348,13
25_1;25_1_2;6,556;5,267;2,521;209,587
25_1;25_1_3;8,987;7,383;3,387;304,381
25_1;25_1_4;13,316;8,902;4,934;388,884
25_1;25_1_5;12,881;8,051;4,748;387,487
25_2;25_2_1;10,769;5,833;4,569;373,606
25_2;25_2_2;14,447;8,552;5,658;504,935
25_2;25_2_3;12,935;9,969;5,114;463,688
25_2;25_2_4;14,325;12,217;6,608;414,807
25_2;25_2_5;11,886;8,617;4,605;417,948
25_3;25_3_1;8,172;5,315;3,393;275,618
25_3;25_3_2;3,736;2,655;1,685;138,341
25_3;25_3_3;4,518;2,853;1,786;158,571
25_3;25_3_4;12,508;10,883;3,692;480,697
25_3;25_3_5;12,039;10,186;3,73;442,257
25_4;25_4_1;17,605;14,766;6,163;679,028
25_4;25_4_2;8,52;7,646;2,976;319,756
25_4;25_4_3;14,506;12,607;5,214;532,494
25_4;25_4_4;25,751;22,326;9,682;871,249
25_4;25_4_5;11,153;9,316;4,313;419,092
25_5;25_5_1;16,16;13,795;5,188;524,476
25_5;25_5_2;11,295;9,912;3,654;377,967
25_5;25_5_3;17,402;14,913;5,637;566,919
25_5;25_5_4;14,137;12,298;4,646;470,608
25_5;25_5_5;12,942;10,77;3,992;448,267
25_6;25_6_1;9,586;8,123;3,185;316,254
25_6;25_6_2;10,565;8,773;3,09;366,38
25_6;25_6_3;9,88;6,265;3,329;317,148
25_6;25_6_4;7,105;5,935;2,08;274,952
25_6;25_6_5;6,509;4,309;2,131;245,546
26_1;26_1_1;0,451;0,382;0,18;22,942
26_1;26_1_2;0,503;0,429;0,203;25,035
26_1;26_1_3;0,49;0,413;0,205;23,268
26_1;26_1_4;0,593;0,504;0,249;27,486
26_1;26_1_5;0,44;0,365;0,188;20,816
26_2;26_2_1;0,719;0,641;0,304;33,965
26_2;26_2_2;0,563;0,499;0,222;28,346
26_2;26_2_3;0,763;0,617;0,307;37,231
26_2;26_2_4;0,526;0,427;0,212;25,238
26_2;26_2_5;0,998;0,883;0,414;46,107
26_3;26_3_1;0,401;0,342;0,167;21,86
26_3;26_3_2;0,658;0,561;0,276;36,078
26_3;26_3_3;0,452;0,674;0,287;25,423
26_3;26_3_4;0,71;0,576;0,181;39,065
26_3;26_3_5;1,039;0,778;0,435;55,819
26_4;26_4_1;0,572;0,47;0,215;32,518
26_4;26_4_2;0,669;0,573;0,267;36,781
26_4;26_4_3;0,363;0,314;0,144;20,903
26_4;26_4_4;0,305;0,262;0,117;18,274
26_4;26_4_5;0,645;0,553;0,262;35,593
26_5;26_5_1;0,452;0,398;0,187;23,356
26_5;26_5_2;1,4;1,204;0,567;66,595
26_5;26_5_3;0,942;0,784;0,38;46,53
26_5;26_5_4;1,137;1,001;0,445;56,803
26_5;26_5_5;1,077;0,915;0,41;53,051
26_6;26_6_1;0,534;0,426;0,222;26,724
26_6;26_6_2;0,84;0,748;0,362;39,546
26_6;26_6_3;0,539;0,46;0,224;26,798
26_6;26_6_4;0,408;0,35;0,171;20,954
26_6;26_6_5;0,725;0,64;0,303;36,225
27_1;27_1_1;3,152;2,333;0,636;95,047
27_1;27_1_2;3,385;2,64;0,688;94,022
27_1;27_1_3;3,534;1,925;0,775;105,87
27_1;27_1_4;4,434;3,146;0,86;138,415
27_1;27_1_5;4,423;3,063;0,885;138,347
27_2;27_2_1;5,067;3,918;1,142;150,489
27_2;27_2_2;2,494;1,992;0,609;81,358
27_2;27_2_3;2,493;2,086;0,538;91,188
27_2;27_2_4;4,575;7,772;1,025;142,146
27_2;27_2_5;6,606;5,096;1,738;198,992
27_3;27_3_1;4,23;3,207;0,88;110,039
27_3;27_3_2;3,279;2,578;0,69;84,697
27_3;27_3_3;6,29;5,192;1,297;187,734
27_3;27_3_4;2,596;2,255;0,482;92,501
27_3;27_3_5;4,958;4,03;0,923;148,171
27_4;27_4_1;3,398;1,182;0,724;115,615
27_4;27_4_2;9,418;6,434;1,528;295,615
27_4;27_4_3;6,88;3,342;1,56;206,43
27_4;27_4_4;6,003;4,607;1,086;198,66
27_4;27_4_5;10,043;5,858;1,929;301,207
27_5;27_5_1;2,221;1,426;0,452;77,077
27_5;27_5_2;3,219;2,214;0,606;113,533
27_5;27_5_3;3,127;2,493;0,573;96,752
27_5;27_5_4;4,781;3,396;0,898;138,932
27_5;27_5_5;3,952;3,087;0,767;133,561
27_6;27_6_1;7,405;5,155;1,482;227,507
27_6;27_6_2;5,493;3,408;1,156;172,264
27_6;27_6_3;6,37;5,206;1,012;201,397
27_6;27_6_4;5,115;3,276;1,085;152,791
27_6;27_6_5;4,643;3,383;0,927;142,294
28_1;28_1_1;0,0062;0,00385;0,00275;0,4128
28_1;28_1_2;0,0062;0,00385;0,00275;0,4128
28_1;28_1_3;0,0062;0,00385;0,00275;0,4128
28_1;28_1_4;0,0062;0,00385;0,00275;0,4128
28_1;28_1_5;0,0062;0,00385;0,00275;0,4128
28_2;28_2_1;0,0064;0,00375;0,0027;0,4246
28_2;28_2_2;0,0064;0,00375;0,0027;0,4246
28_2;28_2_3;0,0064;0,00375;0,0027;0,4246
28_2;28_2_4;0,0064;0,00375;0,0027;0,4246
28_2;28_2_5;0,0064;0,00375;0,0027;0,4246
28_3;28_3_1;0,00935;0,00545;0,0037;0,5676
28_3;28_3_2;0,00935;0,00545;0,0037;0,5676
28_3;28_3_3;0,00935;0,00545;0,0037;0,5676
28_3;28_3_4;0,00935;0,00545;0,0037;0,5676
28_3;28_3_5;0,00935;0,00545;0,0037;0,5676
28_4;28_4_1;0,00825;0,00525;0,0037;0,472
28_4;28_4_2;0,00825;0,00525;0,0037;0,472
28_4;28_4_3;0,00825;0,00525;0,0037;0,472
28_4;28_4_4;0,00825;0,00525;0,0037;0,472
28_4;28_4_5;0,00825;0,00525;0,0037;0,472
28_5;28_5_1;0,0073;0,00435;0,0032;0,4108
28_5;28_5_2;0,0073;0,00435;0,0032;0,4108
28_5;28_5_3;0,0073;0,00435;0,0032;0,4108
28_5;28_5_4;0,0073;0,00435;0,0032;0,4108
28_5;28_5_5;0,0073;0,00435;0,0032;0,4108
28_6;28_6_1;0,0066;0,00445;0,00305;0,3232
28_6;28_6_2;0,0066;0,00445;0,00305;0,3232
28_6;28_6_3;0,0066;0,00445;0,00305;0,3232
28_6;28_6_4;0,0066;0,00445;0,00305;0,3232
28_6;28_6_5;0,0066;0,00445;0,00305;0,3232
29_1;29_1_1;3,578;3,196;0,926;119,634
29_1;29_1_2;3,363;3,012;0,978;107,201
29_1;29_1_3;2,827;2,435;0,818;86,87
29_1;29_1_4;3,344;3,021;0,96;108,794
29_1;29_1_5;2,119;1,89;0,627;57,6
29_2;29_2_1;1,16;0,937;0,339;38,291
29_2;29_2_2;1,426;1,099;0,455;44,532
29_2;29_2_3;1,003;0,846;0,287;34,096
29_2;29_2_4;1,179;1,006;0,341;41,962
29_2;29_2_5;1,162;1,005;0,339;40,942
29_3;29_3_1;4,844;4,405;1,404;167,153
29_3;29_3_2;9,885;7,958;3,192;274,668
29_3;29_3_3;3,417;2,476;1,053;108,588
29_3;29_3_4;10,542;9,09;3,315;284,988
29_3;29_3_5;3,86;3,26;1,117;113,121
29_4;29_4_1;2,012;1,713;0,55;67,867
29_4;29_4_2;2,261;1,934;0,596;81,763
29_4;29_4_3;2,458;2,092;0,698;81,082
29_4;29_4_4;1,542;1,333;0,396;56,663
29_4;29_4_5;2,075;1,814;0,542;74,926
29_5;29_5_1;4,054;3,57;1,06;136,913
29_5;29_5_2;4,161;3,695;1,15;111,952
29_5;29_5_3;2,87;2,513;0,827;83,72
29_5;29_5_4;4,36;3,834;1,181;144,72
29_5;29_5_5;4,443;4,021;1,018;162,083
29_6;29_6_1;3,16;2,715;0,913;86,391
29_6;29_6_2;3,551;2,991;1,194;87,692
29_6;29_6_3;3,618;3,288;0,986;111,699
29_6;29_6_4;4,083;3,488;1,19;108,029
29_6;29_6_5;4,445;3,94;1,29;132,371
30_1;30_1_1;2,39;2,175;0,752;59,583
30_1;30_1_2;2,711;2,511;0,773;67,72
30_1;30_1_3;3,081;2,785;0,951;76,148
30_1;30_1_4;3,094;2,801;0,93;76,57
30_1;30_1_5;2,57;2,342;0,778;61,314
30_2;30_2_1;2,148;1,935;0,617;57,485
30_2;30_2_2;3,948;3,593;1,218;98,235
30_2;30_2_3;3,617;3,001;1,142;90,953
30_2;30_2_4;2,491;2,214;0,737;62,101
30_2;30_2_5;4,107;3,732;1,281;101,239
30_3;30_3_1;5,817;5,356;1,852;129,968
30_3;30_3_2;3,631;3,146;1,205;81,584
30_3;30_3_3;3,281;2,966;0,948;77,821
30_3;30_3_4;4,677;4,302;1,428;103,321
30_3;30_3_5;6,82;5,816;2,248;151,322
30_4;30_4_1;4,044;3,605;1,44;92,942
30_4;30_4_2;2,943;2,599;1,008;68,839
30_4;30_4_3;3,548;3,031;1,296;73,709
30_4;30_4_4;3,312;3,058;1,106;73,728
30_4;30_4_5;3,782;3,405;1,27;86,078
30_5;30_5_1;4,082;3,582;1,398;74,245
30_5;30_5_2;4,843;4,426;1,586;89,804
30_5;30_5_3;3,874;3,517;1,245;69,698
30_5;30_5_4;1,969;1,798;0,58;36,904
30_5;30_5_5;4,633;4,22;1,5;85,975
30_6;30_6_1;3,746;3,147;1,344;80,285
30_6;30_6_2;4,946;4,418;1,715;104,667
30_6;30_6_3;4,536;3,834;1,74;93,206
30_6;30_6_4;4,986;4,286;1,794;105,946
30_6;30_6_5;2,899;2,571;1,042;58,915
31_1;31_1_1;4,864;4,378;0,956;67,388
31_1;31_1_2;8,372;7,85;1,866;151,629
31_1;31_1_3;6,977;6,259;1,488;116,431
31_1;31_1_4;3,385;2,962;0,692;54,95
31_1;31_1_5;5,04;4,591;1,071;86,396
31_2;31_2_1;4,338;3,854;0,92;92,516
31_2;31_2_2;3,595;3,267;0,706;59,379
31_2;31_2_3;4,423;4,224;0,94;97,487
31_2;31_2_4;3,615;3,003;0,714;67,164
31_2;31_2_5;4,914;4,076;1,071;96,143
31_3;31_3_1;4,305;3,906;0,852;83,878
31_3;31_3_2;4,95;4,36;1,019;99,817
31_3;31_3_3;3,931;3,506;0,772;75,96
31_3;31_3_4;5,318;4,655;1,045;100,317
31_3;31_3_5;4,988;4,536;0,969;97,201
31_4;31_4_1;3,981;3,732;0,815;92,452
31_4;31_4_2;3,726;3,295;0,83;74,095
31_4;31_4_3;5,827;5,12;1,226;114,5
31_4;31_4_4;4,379;4,131;0,893;98,609
31_4;31_4_5;4,362;4,072;0,898;90,073
31_5;31_5_1;5,052;4,284;1,164;85,117
31_5;31_5_2;4,9;4,379;1,027;86,985
31_5;31_5_3;4,597;4,275;0,984;78,745
31_5;31_5_4;5,07;4,449;1,162;81,738
31_5;31_5_5;5,054;4,676;1,056;93,099
31_6;31_6_1;10,927;8,477;2,308;164,258
31_6;31_6_2;6,286;5,491;1,362;109,321
31_6;31_6_3;7,707;7,294;1,692;108,082
31_6;31_6_4;8,092;6,965;1,801;127,332
31_6;31_6_5;5,947;5,67;1,295;106,387
32_1;32_1_1;0,172;0,108;0,094;5,22
32_1;32_1_2;0,118;0,074;0,063;3,537
32_1;32_1_3;0,099;0,06;0,054;3,27
32_1;32_1_4;0,139;0,092;0,076;3,656
32_1;32_1_5;0,079;0,05;0,042;2,156
32_2;32_2_1;0,032;0,021;0,014;1,23
32_2;32_2_2;0,049;0,038;0,024;1,76
32_2;32_2_3;0,072;0,06;0,034;2,164
32_2;32_2_4;0,079;0,068;0,038;2,311
32_2;32_2_5;0,05;0,032;0,019;2,516
32_3;32_3_1;0,093;0,075;0,044;2,971
32_3;32_3_2;0,127;0,103;0,063;3,515
32_3;32_3_3;0,159;0,135;0,078;4,761
32_3;32_3_4;0,122;0,097;0,06;3,823
32_3;32_3_5;0,102;0,083;0,048;3,317
32_4;32_4_1;0,105;0,085;0,052;3,633
32_4;32_4_2;0,15;0,126;0,073;4,568
32_4;32_4_3;0,232;0,202;0,116;6,737
32_4;32_4_4;0,095;0,08;0,047;3,421
32_4;32_4_5;0,227;0,195;0,114;6,546
32_5;32_5_1;0,072;0,058;0,035;2,688
32_5;32_5_2;0,086;0,07;0,042;2,893
32_5;32_5_3;0,073;0,061;0,035;2,551
32_5;32_5_4;0,087;0,073;0,042;3,02
32_5;32_5_5;0,083;0,071;0,042;3,085
32_6;32_6_1;0,142;0,121;0,069;4,637
32_6;32_6_2;0,15;0,124;0,072;4,735
32_6;32_6_3;0,104;0,091;0,052;3,813
32_6;32_6_4;0,119;0,099;0,059;4,056
32_6;32_6_5;0,093;0,081;0,047;3,067
33_1;33_1_1;4,558;3,455;1,745;225,79
33_1;33_1_2;4,673;3,447;1,557;234,043
33_1;33_1_3;3,913;3,05;1,424;172,103
33_1;33_1_4;1,312;0,948;0,432;61,542
33_1;33_1_5;4,1;2,536;1,514;193,981
33_2;33_2_1;2,45;2,119;0,726;128,567
33_2;33_2_2;3,44;2,146;1,21;152,086
33_2;33_2_3;3,218;2,154;1,12;161,109
33_2;33_2_4;3,762;2,778;1,457;167,387
33_2;33_2_5;4,034;3,236;1,401;201,946
33_3;33_3_1;2,545;1,419;0,949;118,061
33_3;33_3_2;1,671;1,382;0,463;77,035
33_3;33_3_3;2,484;1,844;0,86;123,276
33_3;33_3_4;2,013;1,614;0,69;80,964
33_3;33_3_5;2,57;1,875;0,854;129,68
33_4;33_4_1;3,676;2,843;1,16;174,491
33_4;33_4_2;3,653;3,285;1,119;191,224
33_4;33_4_3;4,123;2,971;1,51;165,23
33_4;33_4_4;4,406;3,336;1,531;196,702
33_4;33_4_5;3,058;2,333;1,093;129,447
33_5;33_5_1;3,226;2,581;1,249;168,215
33_5;33_5_2;2,1;1,728;0,646;109,903
33_5;33_5_3;4,291;3,142;1,6;215,03
33_5;33_5_4;2,706;1,961;0,817;143,794
33_5;33_5_5;3,405;2,376;1,156;190,034
33_6;33_6_1;5,597;3,864;1,569;311,664
33_6;33_6_2;4,34;3,272;1,052;262,833
33_6;33_6_3;3,74;3,258;1,109;209,632
33_6;33_6_4;4,774;3,258;0,907;277,295
33_6;33_6_5;4,381;2,623;0,999;200
34_1;34_1_1;3,177;1,767;0,899;204,605
34_1;34_1_2;2,692;1,8;0,707;145,327
34_1;34_1_3;4,148;3,232;1,454;242,63
34_1;34_1_4;2,985;2,327;0,989;168,467
34_1;34_1_5;3,803;3,848;1,285;178,516
34_2;34_2_1;1,436;0,888;0,427;68,786
34_2;34_2_2;4,075;2,758;1,286;206,385
34_2;34_2_3;2,62;1,957;0,848;131,708
34_2;34_2_4;2,164;1,283;0,697;109,832
34_2;34_2_5;1,41;1,118;0,51;66,093
34_3;34_3_1;5,232;3,908;1,686;247,586
34_3;34_3_2;5,444;4,117;2,044;263,879
34_3;34_3_3;3,172;2,728;1,082;163,247
34_3;34_3_4;5,237;3,919;1,933;258,198
34_3;34_3_5;4,14;3,137;1,405;192,579
34_4;34_4_1;4,717;3,743;1,671;236,885
34_4;34_4_2;6,015;4,418;1,906;264,86
34_4;34_4_3;6,411;4,768;1,983;328,633
34_4;34_4_4;6,19;4,488;2,226;287,718
34_4;34_4_5;6,89;4,907;2,155;320,328
35_1;35_1_1;13,806;9,96;3,81;649,155
35_1;35_1_2;12,606;10,457;3,231;566,369
35_1;35_1_3;17,688;11,601;6,546;640,189
35_1;35_1_4;6,853;5,032;2,184;322,147
35_1;35_1_5;10,62;6,173;3,353;481,798
35_2;35_2_1;13,836;10,729;4,272;631,441
35_2;35_2_2;10,313;8,68;3,493;424,972
35_2;35_2_3;9,206;5,304;3,281;363,654
35_2;35_2_4;12,116;8,912;4,219;480,216
35_2;35_2_5;13,762;7,88;4,574;572,827
35_3;35_3_1;11,354;7,461;3,719;556,001
35_3;35_3_2;12,882;9,516;5,07;663,282
35_3;35_3_3;11,247;5,117;3,565;559,777
35_3;35_3_4;13,23;10,928;3,557;635,497
35_3;35_3_5;17,58;7,683;5,966;737,366
35_4;35_4_1;16,345;13,238;5,674;726,352
35_4;35_4_2;13,713;9,283;4,797;629,74
35_4;35_4_3;16,36;10,23;5,911;768,868
35_4;35_4_4;9,768;6,476;3,671;382,944
35_4;35_4_5;16,015;7,72;5,702;776,74
35_5;35_5_1;12,013;8,85;3,223;691,931
35_5;35_5_2;9,77;6,383;3,164;493,787
35_5;35_5_3;10,09;7,87;2,595;570,487
35_5;35_5_4;10,41;8,005;3,303;522,896
35_5;35_5_5;15,492;11,085;4,978;877,955
35_6;35_6_1;7,085;4,5;2,412;349,336
35_6;35_6_2;10,056;6,209;3,156;556,344
35_6;35_6_3;21,18;13,367;6,902;1042,588
35_6;35_6_4;12,198;10,323;3,086;650,095
35_6;35_6_5;14,013;10,504;3,938;732,705
36_1;36_1_1;8,125;7,11;1,479;149,617
36_1;36_1_2;6,518;4,85;1,635;121,02
36_1;36_1_3;9,876;7,505;2,464;173,712
36_1;36_1_4;12,475;10,13;2,822;211,099
36_1;36_1_5;5,996;4,927;1,023;113,743
36_2;36_2_1;3,921;3,149;0,867;72,804
36_2;36_2_2;11,146;8,419;2,442;196,582
36_2;36_2_3;7,872;6,751;1,726;138,504
36_2;36_2_4;4,172;2,971;0,998;81,598
36_2;36_2_5;7,999;6,695;1,886;152,524
36_3;36_3_1;6,324;4,593;1,61;122,661
36_3;36_3_2;4,968;4,337;1,275;95,789
36_3;36_3_3;3,999;3,441;0,997;81,909
36_3;36_3_4;4,661;4,306;0,93;91,839
36_3;36_3_5;7,774;6,095;1,969;151,929
36_4;36_4_1;3,486;3,038;0,901;56,504
36_4;36_4_2;2,906;2,327;0,764;45,325
36_4;36_4_3;3,083;2,394;0,839;51,816
36_4;36_4_4;3,032;2,586;0,801;48,106
36_4;36_4_5;3,07;2,265;0,808;51,743
36_5;36_5_1;3,214;2,969;0,784;58,002
36_5;36_5_2;4,228;3,75;1,06;70,812
36_5;36_5_3;3,501;3,189;0,892;58,323
36_5;36_5_4;4,742;3,331;1,191;80,479
36_5;36_5_5;6,96;3,962;1,838;120,228
36_6;36_6_1;3,921;3,103;0,959;55,546
36_6;36_6_2;3,692;2,29;0,894;53,217
36_6;36_6_3;8,421;5,015;2,33;118,276
36_6;36_6_4;6,742;5,314;1,734;95,211
36_6;36_6_5;5,519;4,038;1,214;75,987
37_1;37_1_1;0,655;0,52;0,288;21,662
37_1;37_1_2;0,514;0,412;0,224;17,992
37_1;37_1_3;0,628;0,506;0,273;21,265
37_1;37_1_4;0,587;0,462;0,255;20,017
37_1;37_1_5;0,45;0,34;0,193;16,483
37_2;37_2_1;1,074;0,897;0,466;32,646
37_2;37_2_2;0,849;0,695;0,37;26,914
37_2;37_2_3;1,258;1,053;0,546;37,922
37_2;37_2_4;0,902;0,792;0,387;27,303
37_2;37_2_5;1,338;1,105;0,581;39,096
37_3;37_3_1;0,423;0,327;0,166;16,555
37_3;37_3_2;0,404;0,326;0,157;15,063
37_3;37_3_3;0,328;0,254;0,127;11,609
37_3;37_3_4;0,534;0,383;0,218;18,815
37_3;37_3_5;0,507;0,351;0,201;18,443
37_4;37_4_1;0,767;0,589;0,347;24,121
37_4;37_4_2;0,654;0,513;0,293;20,948
37_4;37_4_3;0,866;0,642;0,391;26,66
37_4;37_4_4;0,785;0,57;0,353;24,822
37_4;37_4_5;0,747;0,55;0,339;23,815
37_5;37_5_1;0,635;0,537;0,226;23,214
37_5;37_5_2;0,691;0,55;0,251;24,019
37_5;37_5_3;0,59;0,506;0,212;21,039
37_5;37_5_4;0,744;0,637;0,267;26,209
37_5;37_5_5;0,603;0,499;0,226;21,401
37_6;37_6_1;0,483;0,389;0,207;14,452
37_6;37_6_2;0,392;0,306;0,17;12,251
37_6;37_6_3;0,307;0,241;0,132;9,855
37_6;37_6_4;0,34;0,255;0,147;10,593
37_6;37_6_5;0,474;0,395;0,201;13,676
38_1;38_1_1;0,929;0,868;0,393;21,307
38_1;38_1_2;0,91;0,861;0,394;20,509
38_1;38_1_3;0,792;0,763;0,331;19,438
38_1;38_1_4;0,879;0,842;0,374;20,147
38_1;38_1_5;0,741;0,71;0,314;17,534
38_2;38_2_1;0,851;0,821;0,329;17,396
38_2;38_2_2;0,844;0,822;0,329;17,279
38_2;38_2_3;0,834;0,812;0,317;17,027
38_2;38_2_4;0,818;0,793;0,276;17,346
38_2;38_2_5;0,934;0,913;0,329;19,982
38_3;38_3_1;0,687;0,63;0,296;15,269
38_3;38_3_2;0,748;0,709;0,314;16,736
38_3;38_3_3;0,816;0,764;0,357;17,341
38_3;38_3_4;0,741;0,678;0,317;16,349
38_3;38_3_5;0,682;0,623;0,283;15,913
38_4;38_4_1;1,49;1,372;0,743;25,636
38_4;38_4_2;1,482;1,344;0,744;26,028
38_4;38_4_3;1,24;1,135;0,594;23,801
38_4;38_4_4;1,513;1,393;0,761;25,686
38_4;38_4_5;1,272;1,163;0,613;23,737
38_5;38_5_1;1,199;1,066;0,619;18,87
38_5;38_5_2;1,282;1,17;0,649;21,89
38_5;38_5_3;1,193;1,103;0,606;21,097
38_5;38_5_4;1,218;1,123;0,6;21,912
38_5;38_5_5;1,048;0,958;0,536;17,834
38_6;38_6_1;0,803;0,772;0,421;14,279
38_6;38_6_2;0,852;0,812;0,463;14,543
38_6;38_6_3;0,768;0,734;0,41;13,38
38_6;38_6_4;0,765;0,728;0,392;14,166
38_6;38_6_5;0,744;0,708;0,397;12,952
39_1;39_1_1;2,017;1,607;0,933;43,664
39_1;39_1_2;1,955;1,748;0,874;40,557
39_1;39_1_3;1,263;1;0,583;26,038
39_1;39_1_4;1,521;1,348;0,663;33,716
39_1;39_1_5;1,695;1,292;0,78;34,331
39_2;39_2_1;0,907;0,721;0,419;20,113
39_2;39_2_2;1,188;1,095;0,516;26,222
39_2;39_2_3;1,083;0,999;0,473;24,615
39_2;39_2_4;0,831;0,76;0,364;18,59
39_2;39_2_5;0,825;0,763;0,36;19
39_3;39_3_1;0,962;0,826;0,422;27,398
39_3;39_3_2;1,074;0,933;0,462;30,59
39_3;39_3_3;0,796;0,732;0,343;22,413
39_3;39_3_4;0,929;0,775;0,428;24,959
39_3;39_3_5;0,908;0,807;0,389;25,45
39_4;39_4_1;2,198;1,8;0,88;51,421
39_4;39_4_2;1,73;1,466;0,732;44,133
39_4;39_4_3;1,598;1,36;0,667;40,979
39_4;39_4_4;1,986;1,622;0,847;50,088
39_4;39_4_5;1,729;1,401;0,741;42,636
39_5;39_5_1;1,313;1,202;0,573;31,535
39_5;39_5_2;1,145;0,943;0,503;30,55
39_5;39_5_3;1,217;1,021;0,537;31,47
39_5;39_5_4;0,937;0,86;0,421;23,369
39_5;39_5_5;1,216;1,113;0,542;30,211
39_6;39_6_1;1,225;0,967;0,565;32,541
39_6;39_6_2;1,048;0,868;0,475;25,566
39_6;39_6_3;0,83;0,661;0,378;21,625
39_6;39_6_4;0,793;0,622;0,36;18,639
39_6;39_6_5;0,716;0,551;0,326;17,667
40_1;40_1_1;1,076;0,872;0,492;58,624
40_1;40_1_2;0,889;0,728;0,412;47,961
40_1;40_1_3;0,726;0,522;0,389;31,189
40_1;40_1_4;0,7;0,537;0,354;34,363
40_1;40_1_5;0,374;0,294;0,183;19,071
40_2;40_2_1;0,722;0,445;0,314;44,988
40_2;40_2_2;0,626;0,46;0,325;27,601
40_2;40_2_3;0,632;0,453;0,327;27,433
40_2;40_2_4;1,128;0,894;0,542;65,021
40_2;40_2_5;0,215;0,14;0,098;10,848
40_3;40_3_1;0,803;0,68;0,426;26,066
40_3;40_3_2;0,827;0,69;0,41;32,717
40_3;40_3_3;0,595;0,484;0,302;20,996
40_3;40_3_4;0,694;0,538;0,345;23,861
40_3;40_3_5;0,515;0,426;0,248;20,672
40_4;40_4_1;0,499;0,371;0,255;23,836
40_4;40_4_2;0,584;0,437;0,292;27,432
40_4;40_4_3;0,519;0,382;0,266;24,015
40_4;40_4_4;0,934;0,651;0,51;40,443
40_4;40_4_5;0,75;0,571;0,404;34,787
40_5;40_5_1;0,97;0,798;0,446;39,312
40_5;40_5_2;0,845;0,683;0,381;35,101
40_5;40_5_3;0,769;0,589;0,364;30,907
40_5;40_5_4;1,005;0,794;0,485;35,597
40_5;40_5_5;0,494;0,38;0,235;18,835
40_6;40_6_1;1,194;0,96;0,593;57,768
40_6;40_6_2;1,115;0,952;0,544;51,58
40_6;40_6_3;1,31;1,062;0,618;61,07
40_6;40_6_4;1,267;1,033;0,641;59,88
40_6;40_6_5;0,929;0,795;0,455;43,07
41_1;41_1_1;0,672;0,52;0,177;34,934
41_1;41_1_2;0,774;0,576;0,201;40,727
41_1;41_1_3;0,413;0,276;0,111;21,654
41_1;41_1_4;0,537;0,404;0,143;27,589
41_1;41_1_5;0,526;0,4;0,146;26,651
41_2;41_2_1;0,222;0,109;0,089;9,737
41_2;41_2_2;0,612;0,479;0,159;32,333
41_2;41_2_3;0,397;0,207;0,149;18,845
41_2;41_2_4;0,308;0,17;0,127;12,797
41_2;41_2_5;0,642;0,534;0,162;34,162
41_3;41_3_1;0,437;0,356;0,131;22,717
41_3;41_3_2;0,287;0,226;0,083;15,888
41_3;41_3_3;0,439;0,376;0,136;23,104
41_3;41_3_4;0,4;0,287;0,092;21,917
41_3;41_3_5;0,332;0,274;0,089;18,533
41_4;41_4_1;0,248;0,204;0,072;14,047
41_4;41_4_2;0,533;0,455;0,159;28,264
41_4;41_4_3;0,889;0,552;0,27;43,729
41_4;41_4_4;0,646;0,372;0,225;30,423
41_4;41_4_5;0,51;0,271;0,153;23,565
41_5;41_5_1;0,25;0,219;0,073;14,012
41_5;41_5_2;0,174;0,14;0,051;9,026
41_5;41_5_3;0,268;0,168;0,08;12,574
41_5;41_5_4;0,198;0,116;0,064;10,839
41_5;41_5_5;0,16;0,138;0,046;9,015
41_6;41_6_1;0,164;0,107;0,054;9,181
41_6;41_6_2;0,304;0,244;0,1;16,261
41_6;41_6_3;0,236;0,2;0,07;13,343
41_6;41_6_4;0,342;0,161;0,117;18,532
41_6;41_6_5;0,266;0,199;0,081;15,296
42_1;42_1_1;0,726;0,678;0,222;28,298
42_1;42_1_2;0,56;0,522;0,165;24,081
42_1;42_1_3;0,669;0,615;0,223;26,634
42_1;42_1_4;0,649;0,61;0,195;26,674
42_1;42_1_5;0,688;0,626;0,228;26,247
42_2;42_2_1;0,439;0,4;0,146;17,395
42_2;42_2_2;0,42;0,383;0,147;15,357
42_2;42_2_3;0,423;0,38;0,149;16,234
42_2;42_2_4;0,624;0,562;0,219;24,582
42_2;42_2_5;0,334;0,312;0,101;14,028
42_3;42_3_1;0,391;0,356;0,127;14,363
42_3;42_3_2;0,501;0,456;0,174;18,661
42_3;42_3_3;0,452;0,413;0,16;16,145
42_3;42_3_4;0,585;0,537;0,199;21,977
42_3;42_3_5;0,731;0,657;0,252;27,957
42_4;42_4_1;0,432;0,41;0,112;20,074
42_4;42_4_2;0,843;0,761;0,279;30,208
42_4;42_4_3;0,411;0,381;0,138;15,091
42_4;42_4_4;0,583;0,539;0,188;21,639
42_4;42_4_5;0,612;0,545;0,178;24,903
42_5;42_5_1;0,534;0,485;0,18;25,093
42_5;42_5_2;0,403;0,36;0,136;19,012
42_5;42_5_3;0,489;0,491;0,211;23,397
42_5;42_5_4;0,575;0,517;0,206;24,384
42_5;42_5_5;0,465;0,421;0,151;22,127
42_6;42_6_1;0,644;0,583;0,203;25,201
42_6;42_6_2;0,602;0,557;0,204;23,324
42_6;42_6_3;0,481;0,437;0,156;17,855
42_6;42_6_4;0,741;0,67;0,233;28,205
42_6;42_6_5;0,533;0,487;0,18;20,353
43_1;43_1_1;0,24;0,181;0,093;11,629
43_1;43_1_2;0,306;0,265;0,108;15,757
43_1;43_1_3;0,184;0,155;0,063;10,04
43_1;43_1_4;0,218;0,191;0,075;11,714
43_1;43_1_5;0,31;0,24;0,12;14,503
43_2;43_2_1;0,33;0,287;0,121;15,097
43_2;43_2_2;0,488;0,403;0,182;21,42
43_2;43_2_3;0,266;0,216;0,095;12,628
43_2;43_2_4;0,258;0,198;0,101;11,641
43_2;43_2_5;0,338;0,258;0,122;15,536
43_3;43_3_1;0,3;0,238;0,114;13,578
43_3;43_3_2;0,25;0,201;0,093;11,783
43_3;43_3_3;0,236;0,205;0,082;13,009
43_3;43_3_4;0,191;0,154;0,071;9,446
43_3;43_3_5;0,215;0,165;0,086;10,267
43_4;43_4_1;0,212;0,157;0,085;8,851
43_4;43_4_2;0,207;0,183;0,081;10,091
43_4;43_4_3;0,299;0,172;0,131;13,305
43_4;43_4_4;0,328;0,22;0,144;15,247
43_4;43_4_5;0,285;0,188;0,125;13,285
43_5;43_5_1;0,305;0,251;0,117;12,957
43_5;43_5_2;0,256;0,175;0,101;10,795
43_5;43_5_3;0,26;0,203;0,096;11,324
43_5;43_5_4;0,25;0,134;0,103;10,463
43_5;43_5_5;0,3;0,209;0,114;12,365
43_6;43_6_1;0,503;0,274;0,233;21,738
43_6;43_6_2;0,386;0,555;0,166;17,831
43_6;43_6_3;0,358;0,216;0,162;15,164
43_6;43_6_4;0,376;0,248;0,155;17,399
43_6;43_6_5;0,291;0,187;0,121;13,777
44_1;44_1_1;0,596;0,251;0,14;28,697
44_1;44_1_2;1,008;0,378;0,239;49,309
44_1;44_1_3;1,107;0,446;0,296;44,918
44_1;44_1_4;0,897;0,26;0,218;44,409
44_1;44_1_5;1,082;0,578;0,306;46,21
44_2;44_2_1;1,015;0,591;0,317;34,463
44_2;44_2_2;1,427;0,78;0,421;53,883
44_2;44_2_3;1,182;0,799;0,376;40,121
44_2;44_2_4;1,795;0,696;0,53;62,637
44_2;44_2_5;1,569;0,501;0,404;57,204
44_3;44_3_1;0,608;0,181;0,162;24,88
44_3;44_3_2;1,503;0,44;0,383;58,814
44_3;44_3_3;0,886;0,26;0,228;32,879
44_3;44_3_4;1,293;0,396;0,342;49,361
44_3;44_3_5;0,789;0,246;0,217;32,751
44_4;44_4_1;1,408;0,507;0,437;48,625
44_4;44_4_2;1,798;0,635;0,551;61,388
44_4;44_4_3;1,5;0,53;0,422;58,072
44_4;44_4_4;1,616;0,647;0,537;52,802
44_4;44_4_5;1,851;0,811;0,59;58,613
44_5;44_5_1;1,66;0,7;0,49;59,601
44_5;44_5_2;1,286;0,472;0,358;45,93
44_5;44_5_3;1,334;0,607;0,327;45,57
44_5;44_5_4;1,056;0,386;0,328;36,899
44_5;44_5_5;1,118;0,358;0,313;39,349
44_6;44_6_1;1,179;0,37;0,326;43,285
44_6;44_6_2;0,679;0,217;0,191;23,846
44_6;44_6_3;0,875;0,272;0,243;33,204
44_6;44_6_4;1,296;0,42;0,374;46,273
44_6;44_6_5;0,952;0,301;0,27;35,329
45_1;45_1_1;0,713;0,498;0,376;28,354
45_1;45_1_2;0,627;0,431;0,336;21,968
45_1;45_1_3;0,601;0,398;0,323;20,432
45_1;45_1_4;0,67;0,402;0,348;27,779
45_1;45_1_5;0,875;0,573;0,464;33,556
45_2;45_2_1;0,454;0,248;0,224;18,763
45_2;45_2_2;0,473;0,314;0,246;17,202
45_2;45_2_3;0,502;0,317;0,26;18,621
45_2;45_2_4;0,251;0,139;0,125;10,49
45_2;45_2_5;0,339;0,266;0,173;9,759
45_3;45_3_1;0,515;0,312;0,28;18,793
45_3;45_3_2;0,476;0,274;0,238;16,377
45_3;45_3_3;0,712;0,437;0,386;29,375
45_3;45_3_4;0,695;0,453;0,38;28,719
45_3;45_3_5;0,308;0,207;0,157;10,77
45_4;45_4_1;0,219;0,126;0,115;8,271
45_4;45_4_2;0,326;0,19;0,175;10,326
45_4;45_4_3;0,228;0,131;0,12;8,055
45_4;45_4_4;0,257;0,146;0,132;9,211
45_4;45_4_5;0,258;0,15;0,135;9,476
45_5;45_5_1;0,402;0,245;0,203;16,151
45_5;45_5_2;1,013;0,651;0,514;41,537
45_5;45_5_3;0,916;0,58;0,474;36,905
45_5;45_5_4;0,702;0,422;0,358;28,376
45_5;45_5_5;0,788;0,528;0,404;30,522
45_6;45_6_1;0,593;0,37;0,313;24,22
45_6;45_6_2;0,649;0,446;0,336;25,421
45_6;45_6_3;0,416;0,296;0,218;17,688
45_6;45_6_4;0,438;0,274;0,22;18,811
45_6;45_6_5;0,71;0,523;0,366;28,563
34_5;34_5_1;1,49;1,156;0,556;68,494
34_5;34_5_2;1,402;1,024;0,512;60,061
34_5;34_5_3;1,725;1,351;0,544;83,897
34_5;34_5_4;1,676;1,125;0,603;69,45
34_5;34_5_5;0,991;0,816;0,295;50,59
34_6;34_6_1;2,358;1,576;0,76;113,04
34_6;34_6_2;2,209;1,671;0,72;90,444
34_6;34_6_3;3,577;1,935;1,228;165,39
34_6;34_6_4;3,628;2,513;1,338;153,357
34_6;34_6_5;2,485;1,9;0,897;116,525
46_1;46_1_1;0,268;0,221;;11,426
46_1;46_1_2;0,269;0,105;;10,401
46_1;46_1_3;0,225;0,147;;10,14
46_1;46_1_4;0,362;0,244;;14,004
46_1;46_1_5;0,295;0,209;;11,157
46_2;46_2_1;0,248;0,197;;9,12
46_2;46_2_2;0,252;0,152;;10,242
46_2;46_2_3;0,204;0,1;;8,537
46_2;46_2_4;0,312;0,204;;12,565
46_2;46_2_5;0,268;0,179;;10,298
46_3;46_3_1;0,237;0,124;;9,707
46_3;46_3_2;0,312;0,183;;11,194
46_3;46_3_3;0,335;0,223;;12,507
46_3;46_3_4;0,359;0,226;;13,689
46_3;46_3_5;0,325;0,195;;12,556
46_4;46_4_1;0,251;0,164;;8,559
46_4;46_4_2;0,241;0,107;;8,882
46_4;46_4_3;0,224;0,141;;8,112
46_4;46_4_4;0,209;0,125;;7,508
46_4;46_4_5;0,152;0,118;;5,862
46_5;46_5_1;0,389;0,311;;16,498
46_5;46_5_2;0,236;0,18;;10,989
46_5;46_5_3;0,326;0,216;;14,199
46_5;46_5_4;0,651;0,472;;26,067
46_5;46_5_5;0,523;0,373;;21,45
46_6;46_6_1;0,397;0,283;;18,385
46_6;46_6_2;0,576;0,425;;24,855
46_6;46_6_3;0,638;0,513;;26,696
46_6;46_6_4;0,169;0,069;;8,917
46_6;46_6_5;0,617;0,504;;27,248
46_7;46_7_1;0,388;0,124;;17,278
49_7;46_7_2;0,453;0,115;;19,608
46_7;46_7_3;0,368;0,099;;17,006
46_7;46_7_4;0,361;0,118;;16,62
46_7;46_7_5;0,273;0,133;;12,658
47_1;47_1_1;12,006;10,683;;366,706
47_1;47_1_2;8,463;6,669;;272,827
47_1;47_1_3;11,54;10,586;;358,863
47_1;47_1_4;10,025;8,732;;327,8
47_1;47_1_5;12,302;10,144;;380,491
47_2;47_2_1;2,243;1,793;;59,018
47_2;47_2_2;1,319;1,165;;33,064
47_2;47_2_3;4,58;3,762;;123,877
47_2;47_2_4;4,583;3,344;;118,69
47_2;47_2_5;2,387;2,123;;63,312
47_3;47_3_1;7,558;6,439;;202,67
47_3;47_3_2;5,793;4,595;;148,446
47_3;47_3_3;7,789;6,476;;201,162
47_3;47_3_4;5,708;4,82;;151,264
47_3;47_3_5;4,912;4,003;;136,226
47_4;47_4_1;4,069;3,624;;125,399
47_4;47_4_2;4,488;3,729;;131,899
47_4;47_4_3;4,217;2,876;;132,495
47_4;47_4_4;4,982;3,8;;146,603
47_4;47_4_5;3,995;3,036;;122,789
47_5;47_5_1;1,703;1,32;;60,088
47_5;47_5_2;1,073;0,586;;39,85
47_5;47_5_3;2,58;2,06;;86,7
47_5;47_5_4;2,045;1,303;;74,039
47_5;47_5_5;2,643;1,985;;92,753
47_6;47_6_1;7,6;6,772;;273,927
47_6;47_6_2;9,554;7,918;;317,267
47_6;47_6_3;8,03;6,192;;272,415
47_6;47_6_4;7,936;6,921;;279,226
47_6;47_6_5;10,276;8,296;;319,139
