"ID_echantillon";"Nom_scientifique";"ID_espece";"Milieu_recolte";"T_ambiante";"Vent";"Humidite";"DI";"DI_test";"score_DI";"BT";"BT_test";"MT";"BB";"BB_test";"FI";"Nb_ramifications";"SD";"TMC_t0";"TMC_t24";"TDMC";"TD";"TDIA";"Gmin";"LMC_t0";"LMC_t24";"PEF";"LDMC";"Surface_F";"SLA";"LT"
"01_1";"Mangifera indica";1;"N";30,2;5,7;75,1;8,5;1,5;8,5;16;16;625,5;60;60;1;11;NA;127,45;112,97;439,67;0,47;7,32;6,73;160,04;117,85;16,6;404,54;24,25;10590,87;0,05
"01_2";"Mangifera indica";1;"N";30,2;5,7;75,1;8,5;1,5;8,5;32;32;812;65;65;1;13;NA;132,07;110,28;430,91;0,36;6,75;5,87;167,9;136,48;11,68;373,83;28,33;10107,54;0,04
"01_3";"Mangifera indica";1;"N";30,2;5,7;75,1;9;1;9;20;20;801,2;70;70;1;6;NA;257,09;188,29;280,04;0,41;6,02;9,56;175,15;143,42;11,58;365,59;56,04;11541,92;0,03
"01_4";"Mangifera indica";1;"N";30,2;5,7;75,1;9;1;9;20;20;705;75;75;1;6;NA;147,02;121,77;404,82;0,37;6,26;5,91;170,73;143,14;10,16;369,86;55,56;11780,83;0,03
"01_5";"Mangifera indica";1;"N";30,2;5,7;75,1;9;1;9;12;12;812;30;30;1;4;NA;156,99;141,6;389,11;0,35;8,03;8,35;138,97;100,93;16,01;419,02;77,2;10831,89;0,04
"01_6";"Mangifera indica";1;"N";30,2;5,7;75,1;9;1;9;16;16;798;45;45;1;2;NA;109,63;94,79;477,04;0,45;7,76;11,18;102,34;74,59;13,68;494,43;98,72;7712,65;0,06
"02_1";"Terminalia catappa";2;"N";31,7;2,5;66;9;1;9;13;13;713;15;15;1;2;NA;103,69;89,9;490,95;0,58;11,27;16,31;228,89;139,96;27,01;305,24;375,44;13869,78;0,02
"02_2";"Terminalia catappa";2;"N";31,7;2,5;66;8,5;1,5;8,5;22;22;513;25;25;1;2;NA;397,36;320,13;201,06;0,29;5,28;7,37;206,78;140,38;21,82;330,28;232,09;12160,68;0,03
"02_3";"Terminalia catappa";2;"N";31,7;2,5;66;9;1;9;15;15;606;30;30;1;1;NA;107,39;97,54;482,19;0,48;7,96;31,35;256,03;175,27;22,77;282,16;214,07;14450,06;0,02
"02_4";"Terminalia catappa";2;"N";31,7;2,5;66;9;1;9;28;28;632;25;25;1;5;NA;131,94;109,39;431,14;0,47;9,64;38,91;250,16;210,42;11,32;285,72;256,86;13121,57;0,02
"02_6";"Terminalia catappa";2;"N";31,7;2,5;66;9;1;9;18;18;688;45;45;1;1;NA;101,33;92,55;496,7;0,52;9,66;28,23;213,04;150,42;20,54;320,32;246,38;10221,45;0,03
"03_1";"Alphitonia neocaledonica";3;"M";31,8;4,2;54,9;9;1;9;104;104;848;85;85;1;20;5,12;72,47;59,18;579,8;0,89;17,36;8,09;100,39;62,41;18,94;499,1;17,73;6084,38;0,08
"03_2";"Alphitonia neocaledonica";3;"M";31,8;4,2;54,9;9;1;9;81;81;880,5;95;95;1;7;4,49;81,34;68,38;551,46;0,83;15,54;16,72;101,25;52,96;24,28;498,13;20,86;4506,45;0,11
"03_3";"Alphitonia neocaledonica";3;"M";31,8;4,2;54,9;9;1;9;144;144;844,5;85;85;1;8;1,51;83,55;68,8;544,81;0,59;11,69;12,62;89,48;35,35;28,52;528,53;20,86;4388,24;0,12
"03_4";"Alphitonia neocaledonica";3;"M";31,8;4,2;54,9;9;1;9;68;68;751,3;40;40;1;7;1,82;86,1;69,39;537,33;0,51;10,65;19,85;109,16;67,49;20,15;480,64;31,75;7080,62;0,07
"03_5";"Alphitonia neocaledonica";3;"M";31,8;4,2;54,9;9;1;9;112;112;820,8;90;90;1;8;4,11;66,48;58,89;600,66;0,89;17,56;18,95;85,7;45,53;21,82;540,01;16,41;3456,36;0,16
"03_6";"Alphitonia neocaledonica";3;"M";31,8;4,2;54,9;9;1;9;78;78;776,2;85;85;1;11;2,72;73,99;61,55;574,75;0,71;13,04;34,61;84,08;34,3;27,44;544,7;21,69;3318,99;0,16
"04_1";"Grevillea rubiginosa";4;"M";31,8;4,2;54,9;8;2;8;33;33;644,8;15;15;1;5;1,95;78,31;58,92;560,82;0,63;10,7;80,47;124,01;25,48;43,87;447,3;12,28;5179,3;0,09
"04_2";"Grevillea rubiginosa";4;"M";31,8;4,2;54,9;9;1;9;85;85;642,2;45;45;1;14;2,12;86,74;72,28;535,49;0,65;12,29;70,03;93,14;22,59;36,55;518,38;10,92;4297,01;0,12
"04_3";"Grevillea rubiginosa";4;"M";31,8;4,2;54,9;8,5;1,5;8,5;98;98;845,6;95;95;1;12;3,42;69,7;62,78;589,29;0,88;15,4;84,66;95,08;11,02;43,04;513,26;15,46;4143,54;0,12
"04_4";"Grevillea rubiginosa";4;"M";31,8;4,2;54,9;7;3;7;53;53;746,7;30;30;1;5;3,3;66,74;60,99;599,74;0,88;16,06;92,75;113,6;15,33;45,98;468,25;22,52;4261,9;0,11
"04_5";"Grevillea rubiginosa";4;"M";31,8;4,2;54,9;9;1;9;77;77;788;95;95;1;16;3,03;76,39;64,27;566,93;0,72;12,86;64,64;91,02;17,63;38,41;523,58;15,58;4856,36;0,11
"04_6";"Grevillea rubiginosa";4;"M";31,8;4,2;54,9;8,5;1,5;8,5;66;66;835,4;55;55;1;19;3,84;74,09;61,31;574,41;0,73;13,57;64,67;88,45;13,91;39,58;532,35;16,63;4170,75;0,13
"05_1";"Codia spatulata";5;"M";31,8;4,2;54,9;9;1;9;59;59;656,9;95;95;1;12;7,26;91,39;78,78;522,49;0,87;14,41;44,08;119,64;45,18;34,01;455,57;17,92;4485,07;0,1
"05_2";"Codia spatulata";5;"M";31,8;4,2;54,9;9;1;9;34;34;732,6;45;45;1;8;6,82;95,48;81,72;511,55;0,73;13,15;16,82;115,43;78,97;16,88;464,29;25,51;4838,65;0,1
"05_3";"Codia spatulata";5;"M";31,8;4,2;54,9;9;1;9;72;72;873,2;90;90;1;11;5;72,21;60,37;580,68;0,69;12,41;11,6;105,86;75,16;15,29;486,55;19,64;4719,8;0,1
"05_4";"Codia spatulata";5;"M";31,8;4,2;54,9;9;1;9;79;79;798,6;35;35;1;8;3,41;78,12;62,05;561,42;0,57;11,49;24,62;108,2;70,65;18,06;480,37;14,52;4764,27;0,1
"05_5";"Codia spatulata";5;"M";31,8;4,2;54,9;9;1;9;55;55;842;80;80;1;10;5,41;77,77;65,51;562,54;0,75;14,32;19,78;107;76,91;14,75;483,53;14,98;4505,48;0,11
"05_6";"Codia spatulata";5;"M";31,8;4,2;54,9;5;5;5;86;86;807;30;30;1;10;2,39;71,54;59,47;582,96;0,82;16,91;14,02;112,52;77,61;16,78;471,59;16,93;5053,33;0,1
"06_1";"Geissois pruinosa";6;"M";31,8;4,2;54,9;8;2;8;151;151;778,4;95;95;1;2;12,56;88,36;76,08;530,89;0,81;14,78;36,8;160,57;106,38;20,9;385,52;36,26;4964,56;0,08
"06_2";"Geissois pruinosa";6;"M";31,8;4,2;54,9;8;2;8;62;62;731,9;30;30;1;9;5,96;98,64;88,98;503,43;0,89;15,43;15,84;181,21;129,84;18,27;355,63;25,73;7586,82;0,05
"06_3";"Geissois pruinosa";6;"M";31,8;4,2;54,9;8,5;1,5;8,5;52;52;773,5;50;50;1;2;8,97;92,09;77,97;520,6;0,63;12,94;15,89;148,78;107,14;17,24;405,38;47,51;6126,12;0,07
"06_4";"Geissois pruinosa";6;"M";31,8;4,2;54,9;8,5;1,5;8,5;50;50;845,8;85;85;1;2;7,15;92,68;83,31;518,99;0,86;17,42;20,87;136,96;57,98;33,35;422,09;36,38;5237,59;0,08
"06_5";"Geissois pruinosa";6;"M";31,8;4,2;54,9;8,5;1,5;8,5;88;88;814,2;70;70;1;3;14,34;96,89;81,43;507,89;0,63;12,68;16,92;124;69,74;24,25;446,52;28,08;4927,63;0,09
"06_6";"Geissois pruinosa";6;"M";31,8;4,2;54,9;8,5;1,5;8,5;48;48;794,2;85;85;1;2;7,75;99,58;85,37;501,04;0,77;12,73;31,19;198,18;142,97;18,29;336,48;38,67;6454,89;0,05
"07_1";"Araucaria columnaris";7;"G";31,1;4,6;73,5;8,5;1,5;8,5;30;30;382,7;5;5;1;4;29,86;87,32;75,48;533,85;0,9;18,28;2,15;108,19;100,03;3,89;480,46;79,41;8612,48;0,12
"07_2";"Araucaria columnaris";7;"G";31,1;4,6;73,5;8,5;1,5;8,5;170;170;864;70;70;1;0;39,27;99,22;80,06;501,95;0,74;14,82;4,51;111,7;99,84;5,61;472,81;37,16;3165,55;0,15
"07_3";"Araucaria columnaris";7;"G";31,1;4,6;73,5;8;2;8;17;17;180;5;5;1;1;20,83;71,25;63,21;583,93;0,91;17,85;5,2;116,27;108,63;3,53;462,5;35,14;3438,42;0,14
"07_5";"Araucaria columnaris";7;"G";31,1;4,6;73,5;8,5;1,5;8,5;208;208;586,5;50;50;1;0;12,24;66,45;56,57;600,78;0,78;14;1,81;109,57;103,77;2,76;477,36;23,7;3900,58;0,12
"07_6";"Araucaria columnaris";7;"G";31,1;4,6;73,5;8,5;1,5;8,5;148;148;528;15;15;1;0;28,55;88,92;71,37;529,32;0,83;15,53;3,05;104,38;99,11;2,56;502,4;42,06;2759,26;0,19
"08_1";"Casuarina collina";8;"R";31,1;4,6;73,5;9,5;0,5;9,5;46;46;771,9;95;95;1;29;2,29;60,13;47,29;624,51;0,62;10,91;7,89;102,31;29,68;35,83;497,98;7,1;14083,6;0,05
"08_2";"Casuarina collina";8;"R";31,1;4,6;73,5;9,5;0,5;9,5;28;28;739;95;95;1;21;8,66;68,39;47,25;593,87;0,4;7,79;8,98;113,25;20,2;43,64;469,05;5,92;9188,91;0,05
"08_3";"Casuarina collina";8;"R";31,1;4,6;73,5;9,5;0,5;9,5;88;88;752,3;95;95;1;13;6,89;72,52;61,43;579,65;0,69;11;6,03;96,98;11,76;43,25;507,76;4,97;7683,97;0,07
"08_4";"Casuarina collina";8;"R";28,1;3;70,3;9,5;0,5;9,5;24;24;432,2;90;90;1;32;1,19;85,72;53,99;538,44;0,32;5,51;14,26;120,59;24,17;42,74;459,05;1,5;19029,21;0,03
"08_5";"Casuarina collina";8;"R";28,1;3;70,3;9,5;0,5;9,5;26;26;759;95;95;1;22;5,98;64,58;48,27;607,62;0,59;12,05;19,03;120,1;56,71;28,68;455,43;4,7;10867,02;0,04
"08_6";"Casuarina collina";8;"R";28,1;3;70,3;9,5;0,5;9,5;16;16;761,3;95;95;1;23;2,12;73,5;48,43;576,38;0,36;6,59;13,14;110,24;34,63;35,72;483,99;2,94;13679,15;0,04
"09_1";"Arillastrum gummiferum ";9;"M";27,6;3;78,2;9;1;9;50;50;798;60;60;1;6;3,25;77,56;60,41;563,19;0,76;11,53;11,71;109,37;64,32;21,51;477,85;55,84;5325,48;0,09
"09_2";"Arillastrum gummiferum ";9;"M";29,9;6;72,5;9;1;9;32;32;788;60;60;1;10;5,34;71,68;63,9;582,49;1,24;15,82;11,82;92,19;56,1;18,86;520,7;61,68;4490,96;0,12
"09_3";"Arillastrum gummiferum ";9;"M";29,9;3;72,5;9;1;9;22;22;830;35;35;1;10;6,67;76,86;66,85;565,42;1,03;14,34;4,24;130,82;100,56;13,11;433,28;56,13;5716,54;0,08
"09_4";"Arillastrum gummiferum ";9;"M";27,5;3;77,7;9;1;9;53;53;859;70;70;1;10;8,6;82,19;71,24;548,87;0,89;11,86;5,36;132,21;91,99;17,28;430,87;68,19;5565;0,08
"09_5";"Arillastrum gummiferum ";9;"M";27,5;3;83;7,5;2,5;7,5;18;18;620;10;10;1;6;7,18;80,38;66,58;554,4;0,74;10,23;11,74;137,45;101,54;15,13;421,2;47,1;5659,47;0,07
"09_6";"Arillastrum gummiferum ";9;"M";27,5;3;80;9;1;9;23;23;609;20;20;1;8;4,92;80,64;70,38;553,58;0,8;11,5;6,46;156,14;117,11;15,13;391,26;56,7;7862,41;0,06
"10_1";"Hibbertia lucens";10;"M";27,6;3;78,2;9;1;9;43;43;826;80;80;1;10;7,26;110,41;90,35;475,25;0,96;9,3;31,95;208,23;132,58;26,34;331,87;9,36;7224,4;0,05
"10_2";"Hibbertia lucens";10;"M";29,9;3;72,5;9;1;9;35;35;818;80;80;1;11;3,87;97,27;76,11;506,92;0,97;11,52;73,38;177,22;53,36;45,34;366,61;6,12;6670,26;0,06
"10_3";"Hibbertia lucens";10;"M";29,9;3;72,5;9;1;9;40;40;766;60;60;1;8;3,51;96,36;71,08;509,28;0,88;10,48;67,85;230,99;78,8;46,49;303,26;8,71;7706,96;0,04
"10_4";"Hibbertia lucens";10;"M";27,5;1,5;77,7;9;1;9;58;58;840;45;45;1;7;4,61;91,8;77,12;521,38;0,93;12,46;44,11;193,94;33,21;54,66;344,49;7,61;6947,97;0,05
"10_5";"Hibbertia lucens";10;"M";27,5;1,5;83;9,5;0,5;9,5;38;38;803;40;40;1;9;4,81;94,37;75,34;514,49;0,94;11,57;56,19;209,08;83,23;40,84;323,98;11,81;7767,19;0,04
"10_6";"Hibbertia lucens";10;"M";27,5;1,5;80;9;1;9;44;44;726;60;60;1;12;4,28;90,08;76,19;526,09;1,42;16,49;52,45;186,21;74,19;40,03;352,27;9,22;6525,17;0,05
"11_1";"Metrosideros laurifolia";11;"M";27,6;5,5;78,2;8,5;1,5;8,5;108;108;809;40;40;1;7;7,02;90,57;79,3;524,74;1,11;16,36;18,62;134,44;116,05;7,84;426,64;34,94;4043,19;0,11
"11_2";"Metrosideros laurifolia";11;"M";29,9;3;72,5;8;2;8;17;17;500;5;5;1;9;4,25;79,92;67,81;555,81;1,06;16,03;24,57;120,51;82,21;17,39;453,63;41,6;3081,08;0,15
"11_3";"Metrosideros laurifolia";11;"M";29,9;3;72,5;8;2;8;131;131;845;75;75;1;5;6,47;83,66;71,27;544,49;1,03;17,7;20,73;127,6;85,4;18,56;439,44;50,23;3767,82;0,12
"11_4";"Metrosideros laurifolia";11;"M";27,5;1,5;77,7;7;3;7;22;22;630;5;5;1;11;5,3;66,23;55,85;601,59;1,03;15,52;10,59;158,14;142,22;6,17;387,8;45,84;4262,67;0,09
"11_5";"Metrosideros laurifolia";11;"M";27,5;1,5;83;8,5;1,5;8,5;42;42;824;30;30;1;2;8,18;84,81;68,51;541,08;0,87;12,95;29,07;157,15;109,96;18,38;388,98;104,36;4148,5;0,09
"11_6";"Metrosideros laurifolia";11;"M";27,5;1,5;80;7;3;7;19;19;479;5;5;1;9;8,81;66,61;56,58;600,21;1,27;16,18;21,36;126,74;100,28;11,69;441,17;47,14;3295,12;0,13
"12_1";"Tristaniopsis glauca";12;"M";27,6;6;78,2;9;1;9;87;87;818;95;95;1;7;2,84;59,79;41,28;625,82;0,72;9,13;19,77;88,28;49,32;20,87;531,54;15,21;3874,16;0,14
"12_2";"Tristaniopsis glauca";12;"M";29,9;3;72,5;9;1;9;56;56;806;85;85;1;9;5,35;55,21;45,7;644,27;1,07;13,84;16,12;89,7;57;17,32;527,73;11,94;3267,43;0,16
"12_3";"Tristaniopsis glauca";12;"M";29,9;3;72,5;9;1;9;43;43;785;95;95;1;8;5,13;54,69;43,9;646,45;0,79;10,69;23,61;93,26;40,17;27,84;518,27;19,41;3488,21;0,15
"12_4";"Tristaniopsis glauca";12;"M";27,5;1,5;77,7;9;1;9;96;96;705;65;65;1;7;2,6;47,02;38,24;680,19;0,86;12,29;21,41;97,47;57,64;20,14;506,46;18,62;3940,4;0,13
"12_5";"Tristaniopsis glauca";12;"M";27,5;1,5;83;9;1;9;53;53;717;85;85;1;10;2,97;62,1;47,16;616,9;0,92;12,01;19,04;97,59;71,95;12,98;506,14;19,95;4151,08;0,12
"12_6";"Tristaniopsis glauca";12;"M";27,5;1,5;80;9;1;9;54;54;824;92;92;1;8;3,12;48,02;41,43;675,61;0,8;10,39;20,45;83,78;25,1;32,08;544,63;9,9;3435,57;0,16
"13_1";"Calophyllum inophyllum";13;"G";28,5;3,2;68,1;9;1;9;24;24;707,1;75;75;1;1;19,06;107,37;86,7;482,22;0,6;11,94;13;163,4;126,83;14,14;381,2;130,61;7128,59;0,06
"13_2";"Calophyllum inophyllum";13;"G";28,5;3,2;68,1;9;1;9;57;57;675,8;85;85;1;2;9,51;138;118,06;420,17;0,62;12,08;5,89;138,19;93,62;18,3;441,61;126,78;6440,27;0,08
"13_3";"Calophyllum inophyllum";13;"G";28,5;3,2;68,1;9,5;0,5;9,5;24;24;475;80;80;1;2;14,57;149,39;128,71;400,98;0,65;12,61;10,3;150,06;101,79;19,39;400,26;114,27;7261,1;0,06
"13_4";"Calophyllum inophyllum";13;"G";28,5;3,2;68,1;9;1;9;39;39;642,3;75;75;1;0;21,32;117,63;95,87;459,5;0,52;9,83;4,43;140,76;116,95;9,87;416,41;92,95;6738,59;0,06
"13_5";"Calophyllum inophyllum";13;"G";28,5;3,2;68,1;9;1;9;24;24;612,7;75;75;1;3;7,69;122,5;105,37;449,43;0,62;11,47;12,75;128,28;85,96;18,74;439,32;86,23;6484,55;0,07
"14_1";"Santalum austrocaledonicum";14;"G";28,5;3,2;68,1;9;1;9;20;20;632;75;75;1;15;2,56;99,02;75,74;502,46;0,52;8,57;45;274,58;186,39;23,55;267,04;11,61;11616,32;0,02
"14_2";"Santalum austrocaledonicum";14;"G";28,5;3,2;68,1;9,5;0,5;9,5;30;30;705;40;40;1;9;4,95;73,62;49,54;575,96;0,36;6,98;11,77;236,63;167,43;20,63;297,66;7,67;8663,29;0,03
"14_3";"Santalum austrocaledonicum";14;"G";28,5;3,2;68,1;9;1;9;20;20;590,3;45;45;1;9;1,38;97,96;77,49;505,15;0,46;8,56;16,51;247,98;143,31;29,79;287,73;10,27;10945,08;0,03
"14_4";"Santalum austrocaledonicum";14;"G";28,5;3,2;68,1;9;1;9;14;14;449;10;10;1;12;4,79;84,06;60,47;543,31;0,62;12,15;19,9;177,71;103,95;26,61;360,3;6,96;8819,58;0,04
"14_5";"Santalum austrocaledonicum";14;"G";28,5;3,2;68,1;9;1;9;53;53;671,2;30;30;1;9;2,62;81,38;59,79;551,32;0,67;11,59;36,39;257,77;178,97;21,89;279,78;8,46;8414,46;0,03
"14_6";"Santalum austrocaledonicum";14;"G";28,5;3,2;68,1;8,5;1,5;8,5;34;34;574,1;10;10;1;14;2,49;94,56;74,14;513,97;0,57;10,4;23,4;209,72;117,7;29,66;324,22;5,42;12180,13;0,03
"15_1";"Syzygium cumini";15;"N";28,5;3,2;68,1;9,5;0,5;9,5;34;34;678,4;85;85;1;3;1,94;104,06;81,29;490,05;0,41;7,63;9,92;174,55;136,3;13,91;364,41;72,66;9944,57;0,04
"15_2";"Syzygium cumini";15;"N";28,5;3,2;68,1;9;1;9;20;20;823,6;70;70;1;8;2,99;109,2;89,42;478,01;0,61;9,88;14,9;212,11;177,34;11,09;321,78;77,84;12015,2;0,03
"15_3";"Syzygium cumini";15;"N";28,5;3,2;68,1;9;1;9;37;37;687;30;30;1;2;1,79;128,76;97,57;437,14;0,39;6,87;9,2;204,81;156,14;15,92;328,29;62,44;12133,99;0,03
"15_4";"Syzygium cumini";15;"N";28,5;3,2;68,1;9,5;0,5;9,5;26;26;716;85;85;1;5;4,31;109,67;78,42;476,93;0,35;7,12;24,76;137,41;113,09;10,33;422,65;93,39;7699,41;0,06
"15_5";"Syzygium cumini";15;"N";28,5;3,2;68,1;9,5;0,5;9,5;16;16;660,3;65;65;1;3;4,25;110,64;76,33;474,74;0,32;6,38;26,29;157,6;130,3;10,69;388,94;61,67;8485,8;0,05
"15_6";"Syzygium cumini";15;"N";28,5;3,2;68,1;9,5;0,5;9,5;22;22;785,6;45;45;1;6;4,38;126,94;94,24;440,65;0,49;9,36;4,87;200,5;165,45;11,66;333,1;57,36;11104,66;0,03
"16_1";"Hibiscus tiliaceus V";16;"G";28,5;3,2;68,1;9,5;0,5;9,5;30;30;708,5;75;75;1;3;3,34;164,06;148,57;378,7;0,51;10,28;25,54;186,28;63,1;42,92;351,09;172,35;12611,67;0,03
"16_2";"Hibiscus tiliaceus V";16;"G";28,5;3,2;68,1;9;1;9;74;74;736,4;65;65;1;7;4,86;134,78;117,59;425,92;0,69;12,91;22,43;197,36;96,96;34,88;339,54;118,6;12174,69;0,03
"16_3";"Hibiscus tiliaceus V";16;"G";28,5;3,2;68,1;9,5;0,5;9,5;32;32;689,8;65;65;1;5;5,43;181,2;164,48;355,62;0,65;13,46;10,85;185,43;106,75;27,96;351,43;188,38;12091,53;0,03
"16_4";"Hibiscus tiliaceus V";16;"G";28,5;3,2;68,1;9;1;9;39;39;687,4;90;90;1;5;5,98;126,4;105,11;441,69;0,77;15,06;10,1;173,13;109,37;23,46;366,28;138,46;11026,95;0,03
"16_5";"Hibiscus tiliaceus V";16;"G";28,5;3,2;68,1;8;2;8;47;47;785,8;75;75;1;4;4,74;144,04;130,18;409,76;0,51;11,59;13,33;214,48;128,33;26,71;325,03;156,95;14758,67;0,02
"16_6";"Hibiscus tiliaceus V";16;"G";28,5;3,2;68,1;9;1;9;32;32;706,2;85;85;1;7;2,57;151,54;134,7;397,56;0,56;12,37;18,37;205,14;101,75;35,13;329,97;138,48;12868,14;0,03
"17_2";"Barringtonia asiatica";17;"G";26,3;1,5;81,7;5;5;5;8;8;218;3;3;1;4;6,72;175,7;167,64;362,72;1,03;20,77;1,91;337,16;319,44;4,05;228,92;369,47;9720,18;0,02
"17_3";"Barringtonia asiatica";17;"G";26,3;1,5;81,7;5;5;5;13;13;506,3;5;5;1;1;3,44;292,98;274,07;254,47;0,65;12,84;7,49;350,89;330,61;4,51;222,05;318,75;11078,07;0,02
"17_4";"Barringtonia asiatica";17;"G";26,3;1,5;81,7;8;2;8;17;17;498,9;10;10;1;2;5,66;212,91;187,33;319,58;0,9;18,7;1,56;320,94;304,25;3,96;238,27;392,19;9356,36;0,03
"17_6";"Barringtonia asiatica";17;"G";26,3;1,5;81,7;7;3;7;21;21;467,3;10;10;1;0;3,83;200,57;169,89;332,7;0,71;14,64;2,55;281,14;261,98;5,03;263,12;409,41;8130,49;0,03
"18_1";"Leucaena leucocephala";18;"L";26,3;1,5;81,7;9,5;0,5;9,5;20;20;587,6;70;70;1;21;4,41;134,34;113,33;426,73;0,53;11,88;67,91;450;50;72,73;181,82;0,27;33975;0,01
"18_2";"Leucaena leucocephala";18;"L";26,3;1,5;81,7;9,5;0,5;9,5;24;24;651,3;90;90;1;22;3,42;138,75;117,95;418,84;0,56;13;86,93;333,33;16,67;73,08;230,77;0,31;25700;0,01
"18_3";"Leucaena leucocephala";18;"L";26,3;1,5;81,7;9,5;0,5;9,5;24;24;597,5;95;95;1;18;3,28;139,49;115,97;417,55;0,42;10,24;72,66;257,14;28,57;64;280;0,3;21485,71;0,01
"18_4";"Leucaena leucocephala";18;"L";26,3;1,5;81,7;9,5;0,5;9,5;28;28;734,2;75;75;1;12;1,41;79,3;69,88;557,72;0,58;14,54;66,4;140;6,67;55,56;416,67;0,16;21946,67;0,02
"18_5";"Leucaena leucocephala";18;"L";26,3;1,5;81,7;9,5;0,5;9,5;28;28;672,6;55;55;1;13;1,95;123,37;93,12;447,7;0,35;7,62;92,18;300;33,33;66,67;250;0,29;23816,67;0,01
"18_6";"Leucaena leucocephala";18;"L";26,3;1,5;81,7;9,5;0,5;9,5;38;38;688,4;75;75;1;12;1,56;91,73;79,83;521,57;0,6;13,2;79,91;227,27;9,09;66,67;305,56;0,2;17763,64;0,02
"19_1";"Acropogon bullatus";19;"G";29,1;1,5;68,8;7;3;7;104;104;788,4;80;80;1;1;11,57;138,03;125,2;420,12;1,01;19,2;3,25;147,4;125,5;8,8;406,49;224,04;6378,17;0,06
"19_4";"Acropogon bullatus";19;"G";29,1;1,5;68,8;5;5;5;11;11;514;5;5;1;4;14,64;134,96;116,23;425,61;1,12;20,94;3,07;174,29;147,19;10,01;367,56;205,03;7815,75;0,05
"19_5";"Acropogon bullatus";19;"G";29,1;1,5;68,8;8,5;1,5;8,5;24;24;642,4;5;5;1;1;10,83;182,65;154,52;353,79;1,1;21,28;18,04;185,41;158,46;9,51;351,61;139,97;8092,03;0,04
"19_6";"Acropogon bullatus";19;"G";29,1;1,5;68,8;6;4;6;13;13;539,9;5;5;1;3;13,07;161,26;141,88;382,76;1,08;18,82;4,11;195,94;157,59;12,8;339,08;120,05;9847,8;0,04
"20_1";"Cerbera manghas";20;"G";29,1;1,5;68,8;7;3;7;15;15;462,6;15;15;1;2;3,69;78,08;72,97;561,54;0,76;16,73;5;270,18;242,08;7,6;270,17;79,75;13358,4;0,02
"20_2";"Cerbera manghas";20;"G";29,1;1,5;68,8;9;1;9;31;31;713;20;20;1;5;8,97;271,73;251,36;269,01;0,8;18,01;2,56;294,59;249,38;11,44;253,49;73,53;16517,42;0,02
"20_3";"Cerbera manghas";20;"G";29,1;1,5;68,8;9;1;9;17;17;386,2;10;10;1;3;5,72;276,06;257,75;265,92;0,7;12,96;3,03;260,23;232,25;7,74;281,89;39,55;12362,67;0,02
"20_6";"Cerbera manghas";20;"G";29,1;1,5;68,8;9;1;9;14;14;685,6;15;15;1;1;5,96;243,03;202,54;291,52;0,79;15,78;2,11;272,24;243,48;7,68;269,22;74,27;11582,09;0,02
"22_1";"Acacia spirorbis";22;"L";29,1;1,5;68,8;9,5;0,5;9,5;46;46;656,2;70;70;1;15;3,11;61,38;54,01;619,67;0,64;11,61;6,13;244,91;186,9;16,63;292,24;6,55;9853,23;0,03
"22_2";"Acacia spirorbis";22;"L";29,1;1,5;68,8;9,5;0,5;9,5;130;130;615;60;60;1;11;3,4;71,61;53,05;582,73;0,64;13,48;9,07;189,37;128,65;21,13;358,73;8,52;8664;0,05
"22_3";"Acacia spirorbis";22;"L";29,1;1,5;68,8;9,5;0,5;9,5;66;66;785,7;60;60;1;15;5,17;72,24;54,6;580,6;0,67;12,96;6,63;236,91;189,37;15,07;303,15;8,58;11325,42;0,03
"22_4";"Acacia spirorbis";22;"L";29,1;1,5;68,8;9;1;9;47;47;657,7;65;65;1;13;1,97;75,88;61,31;568,56;0,56;10,24;14,24;182,92;136;16,55;356,58;8,72;8580,03;0,04
"22_5";"Acacia spirorbis";22;"L";29,1;1,5;68,8;9,5;0,5;9,5;20;20;648;40;40;1;12;2,53;83,64;67,48;544,54;0,51;9,15;10,1;240,55;167,14;21,46;295,53;5,35;12639,47;0,02
"22_6";"Acacia spirorbis";22;"L";29,1;1,5;68,8;9;1;9;19;19;576,2;55;55;1;14;2,27;82,44;67,41;548,12;0,53;9,31;25,13;264,44;171,03;25,38;275,08;8,87;10907,81;0,03
"23_1";"Melaleuca quinquenervia";23;"R";28,1;3;70,3;9;1;9;62;62;759,2;80;80;1;7;3,36;134,63;103,94;426,2;0,64;10,8;39,41;104,44;62,63;20,5;490,23;11,38;4010,93;0,12
"23_2";"Melaleuca quinquenervia";23;"R";28,1;3;70,3;9,5;0,5;9,5;74;74;794,6;55;55;1;13;4,37;124,7;90,86;445,04;0,63;15,47;17,41;125,3;76,22;21,83;444,87;6,82;5402,18;0,08
"23_3";"Melaleuca quinquenervia";23;"R";28,1;3;70,3;9;1;9;56;56;798;65;65;1;12;2,05;94,16;71,48;515,04;0,74;13,96;31,03;120,46;45,48;34,05;453,65;6,21;4760,94;0,1
"23_4";"Melaleuca quinquenervia";23;"R";28,1;3;70,3;9,5;0,5;9,5;56;56;790,6;90;90;1;14;2,78;120,31;100,48;453,91;0,6;13,07;33,4;124,23;54,66;31,13;446,48;12,46;5156;0,09
"23_5";"Melaleuca quinquenervia";23;"R";28,1;3;70,3;9;1;9;71;71;741,6;70;70;1;10;1,86;125,88;106,69;442,72;0,74;13,59;18,85;135,91;77,9;24,6;424,46;10,28;5448,17;0,08
"23_6";"Melaleuca quinquenervia";23;"R";28,1;3;70,3;9,5;0,5;9,5;60;60;796,2;50;50;1;6;5,18;151,37;131,47;397,82;0,52;10,4;20,8;112,06;72,85;18,48;471,67;12,9;4624,19;0,1
"24_1";"Pinus caribea";24;"N";28,1;3;70,3;9,5;0,5;9,5;162;162;938;90;90;1;1;9,3;89,06;78,67;528,95;0,71;16,41;5,78;124,33;110,31;6,24;445,98;5,47;8217,84;0,06
"24_2";"Pinus caribea";24;"N";28,1;3;70,3;9,5;0,5;9,5;50;50;934,7;45;45;1;2;5,59;90,12;79,11;525,98;0,73;14,56;12,05;150,37;137,35;5,13;399,73;4,29;8365,5;0,05
"24_3";"Pinus caribea";24;"N";28,1;3;70,3;9,5;0,5;9,5;166;166;953,5;95;95;1;0;11,99;101,47;95,42;496,35;0,81;17,03;12,7;116,6;103,19;6,18;461,78;4,95;7474,37;0,06
"24_4";"Pinus caribea";24;"N";28,1;3;70,3;9,5;0,5;9,5;94;94;772,7;95;95;1;11;7,58;76,91;69,92;565,27;0,55;11,53;6,06;118,21;96,41;9,92;458,57;3,55;7566,95;0,06
"24_5";"Pinus caribea";24;"N";28,1;3;70,3;9,5;0,5;9,5;70;70;870,9;50;50;1;9;5,93;83,44;75,99;545,15;0,81;16,18;10,67;137,88;122,4;6,47;423,33;5,82;7281,61;0,06
"24_6";"Pinus caribea";24;"N";28,1;3;70,3;9,5;0,5;9,5;78;78;942,2;90;90;1;4;7,61;77,39;70,03;563,72;0,65;16,01;10,69;129,06;97,09;14,1;437,22;5,37;6855,33;0,06
"25_1";"Ficus habrophyla";25;"F";26,4;4;67,1;9;1;9;33;33;704,5;50;50;1;3;8,02;203,78;190,24;329,18;0,95;19,07;17,07;168,3;98,86;25,82;372,86;327,69;8415,4;0,04
"25_2";"Ficus habrophyla";25;"F";26,4;4;67,1;9;1;9;25;25;623,4;95;95;1;0;3,9;192,21;180,56;342,22;0,96;17,23;42,76;143,77;69,15;30,36;412;435;8304,32;0,05
"25_3";"Ficus habrophyla";25;"F";26,4;4;67,1;8,5;1,5;8,5;22;22;684,7;60;60;1;0;6,72;175,53;165,18;362,94;0,77;14,97;8,05;175,42;108,36;25,82;373,31;299,1;10017,71;0,04
"25_4";"Ficus habrophyla";25;"F";26,4;4;67,1;9;1;9;35;35;688,9;55;55;1;2;9,22;188,83;171,51;346,23;0,84;18,16;9,19;174,94;136,98;13,85;364,3;564,32;10138,14;0,04
"25_5";"Ficus habrophyla";25;"F";26,4;4;67,1;9;1;9;18;18;690,1;20;20;1;0;8,97;189,3;173,41;345,66;1,07;18,46;9,32;211,56;167,24;14,19;321,11;477,65;10373,78;0,03
"25_6";"Ficus habrophyla";25;"F";26,4;4;67,1;9;1;9;14;14;720,4;10;10;1;0;6,2;206,77;175,29;325,97;0,57;11,37;42,44;217,34;142,94;23,82;316,36;304,06;11210,94;0,03
"26_1";"Elattostachys apetala";26;"F";26,4;4;67,1;9,5;0,5;9,5;32;32;718,5;80;80;1;6;3,41;97,68;74,39;505,86;0,54;10,66;17,33;141,91;104,31;15,56;413,65;23,91;11707,84;0,04
"26_2";"Elattostachys apetala";26;"F";26,4;4;67,1;9,5;0,5;9,5;24;24;812,8;90;90;1;1;3,16;94,65;75,55;513,73;0,59;9,67;8,22;145,56;110,26;14,34;407,47;34,18;11822,04;0,03
"26_3";"Elattostachys apetala";26;"F";26,4;4;67,1;9,5;0,5;9,5;60;60;764,6;80;80;1;1;2,66;91,39;75,53;522,48;0,48;9,63;21,68;153,43;107,09;18,14;428,89;35,65;13886,91;0,04
"26_4";"Elattostachys apetala";26;"F";26,4;4;67,1;9,5;0,5;9,5;28;28;806,2;70;70;1;4;1,67;106,44;87,89;484,41;0,54;10,34;5,65;155,11;117,25;14,81;392,29;28,81;14524,04;0,03
"26_5";"Elattostachys apetala";26;"F";26,4;4;67,1;9,5;0,5;9,5;60;60;805,9;70;70;1;5;2,58;96,31;83,2;509,4;0,65;11,96;10,36;150,94;115,92;13,94;398,84;49,27;12436,74;0,03
"26_6";"Elattostachys apetala";26;"F";26,4;4;67,1;9,5;0,5;9,5;18;18;806;90;90;1;3;2,24;89,48;73,44;527,76;0,49;9,32;6,08;138,22;103,96;14,35;419,86;30,05;11826,96;0,04
"27_1";"Neuburgia novocaledonica";27;"F";26,4;4;67,1;9,5;0,5;9,5;14;14;360,5;20;20;1;2;4,51;164,99;146,68;377,37;0,71;18,62;25,7;391,79;242,17;30,66;203,68;114,34;14799,67;0,01
"27_3";"Neuburgia novocaledonica";27;"F";26,4;4;67,1;9,5;0,5;9,5;14;14;534,1;25;25;1;5;2,52;162,74;144,69;380,61;0,74;15,9;33,79;403,32;308,56;18,98;199,3;124,63;14899,62;0,01
"28_1";"Archidendropsis granulosa";28;"F";26,4;4;67,1;9,5;0,5;9,5;52;52;712,2;95;95;1;7;1,52;81,69;63,78;550,39;0,6;10,54;17,61;125,45;40;37,9;443,55;0,41;15010,91;0,03
"28_2";"Archidendropsis granulosa";28;"F";26,4;4;67,1;9,5;0,5;9,5;24;24;547,9;95;95;1;10;1,16;106,85;89,14;483,44;0,47;8,26;16,89;137,04;38,89;41,41;421,88;0,42;15725,93;0,03
"28_3";"Archidendropsis granulosa";28;"F";26,4;4;67,1;9,5;0,5;9,5;14;14;640,1;90;90;1;5;1,34;83,56;68,15;544,77;0,41;7,15;13,57;152,7;47,3;41,71;395,72;0,57;15340,54;0,03
"28_4";"Archidendropsis granulosa";28;"F";26,4;4;67,1;9,5;0,5;9,5;30;30;823,9;70;70;1;7;2,62;68,22;45,16;594,45;0,6;11,18;18,12;122,97;41,89;36,36;448,48;0,47;12756,76;0,04
"28_5";"Archidendropsis granulosa";28;"F";26,4;4;67,1;9,5;0,5;9,5;28;28;841,5;90;90;1;10;1,85;89,55;73;527,57;0,55;10,6;19,99;128,12;35,94;40,41;438,36;0,41;12837,5;0,03
"28_6";"Archidendropsis granulosa";28;"F";26,4;4;67,1;9,5;0,5;9,5;20;20;659,8;90;90;1;8;2,37;88,28;71,27;531,13;0,52;9,64;12,48;116,39;45,9;32,58;462,12;0,32;10596,72;0,04
"29_1";"Alstonia balansae";29;"F";27,4;1,2;70,9;9;1;9;12;12;411,4;10;10;1;3;6,17;83,05;63,97;546,3;0,55;10,68;6,88;252,43;213,39;11,09;284,39;96,02;11003,96;0,03
"29_2";"Alstonia balansae";29;"F";27,4;1,2;70,9;9;1;9;71;71;624,1;60;60;1;3;5,56;123,39;108,98;447,65;0,5;9,51;5,8;238,72;180,84;17,2;295,68;39,96;11469,11;0,03
"29_3";"Alstonia balansae";29;"F";27,4;1,2;70,9;9,5;0,5;9,5;16;16;529,2;20;20;1;1;5,32;158,88;146,16;386,28;0,53;10,88;6,06;228,55;172,85;17,08;304,95;189,7;9909,35;0,03
"29_4";"Alstonia balansae";29;"F";27,4;1,2;70,9;9;1;9;16;16;460,3;5;5;1;4;4,4;99,35;81,37;501,63;0,63;12,21;9,16;273,91;221,39;14,07;267,79;72,46;13161,45;0,02
"29_5";"Alstonia balansae";29;"F";27,4;1,2;70,9;9,5;0,5;9,5;36;36;614,9;30;30;1;2;7,75;99,26;78,61;501,85;0,53;11,11;6,24;279,39;236,32;11,43;265,2;127,88;12190,07;0,02
"29_6";"Alstonia balansae";29;"F";27,4;1,2;70,9;9;1;9;14;14;273;5;5;1;2;7,4;146,1;127,06;406,34;0,57;11,04;11,42;239,63;195,98;12,98;295,87;105,24;9494,92;0,03
"30_1";"Hernandia cordigera";30;"F";27,4;1,2;70,9;9;1;9;17;17;617,5;10;10;1;6;13,12;241,19;213,3;293,1;0,87;18,88;17,07;231,1;201,83;8,87;302,35;68,27;8161,08;0,04
"30_2";"Hernandia cordigera";30;"F";27,4;1,2;70,9;9;1;9;22;22;717,1;15;15;1;2;5,95;216,09;191,91;316,36;0,71;16,68;12,21;229,52;192,62;11,24;303,85;82;8335,16;0,04
"30_3";"Hernandia cordigera";30;"F";27,4;1,2;70,9;9;1;9;14;14;612,3;10;10;1;2;7,41;231,48;210,88;301,67;0,89;18,53;6,99;218,48;184,63;10,73;314,82;108,8;7192,78;0,04
"30_4";"Hernandia cordigera";30;"F";27,4;1,2;70,9;9;1;9;19;19;746,9;25;25;1;1;6,16;246,26;222,56;288,8;0,8;17,87;6,29;188,76;157,33;10,95;346,72;79,06;6483;0,05
"30_6";"Hernandia cordigera";30;"F";27,4;1,2;70,9;9;1;9;17;17;662,2;15;15;1;3;6,54;252,04;238,91;284,06;0,9;18,96;4,87;176,79;139,55;13,5;361,67;88,6;5798,58;0,06
"31_1";"Fagraea berteroana";31;"N";27,4;1,2;70,9;9,5;0,5;9,5;12;12;385,5;5;5;1;2;23,41;145,4;133,55;407,51;0,63;11,95;3,98;377,22;331,19;9,59;209,93;95,36;7801,42;0,03
"31_2";"Fagraea berteroana";31;"N";27,4;1,2;70,9;9,5;0,5;9,5;14;14;489,7;5;5;1;3;10,91;161,62;150,03;382,23;0,79;14,84;38,49;383,28;326,44;11,75;207,29;82,54;9444,27;0,02
"31_6";"Fagraea berteroana";31;"N";27,4;1,2;70,9;9;1;9;12;12;612,4;5;5;1;3;11,98;133,23;122,8;428,75;0,75;13,42;32,01;359,8;305,22;11,8;217,55;123,08;7363,3;0,03
"32_1";"guioa villosa";32;"M";27,4;1,2;70,9;9;1;9;33;33;757,1;60;60;1;9;2,92;62,32;46,32;616,08;0,49;8,36;23,09;84,92;16,71;36,88;540,85;3,57;5433,38;0,1
"32_2";"guioa villosa";32;"M";27,4;1,2;70,9;9,5;0,5;9,5;56;56;645,5;80;80;1;9;2,58;71,93;58,26;581,62;0,4;7,74;14,55;123,11;66,43;24,68;452,11;2;8361,49;0,06
"32_3";"guioa villosa";32;"M";27,4;1,2;70,9;9;1;9;24;24;805,5;95;95;1;8;5,17;72,01;58,51;581,36;0,44;8,22;38,04;106,53;68,32;18,49;484,43;3,68;6343,52;0,08
"32_4";"guioa villosa";32;"M";27,4;1,2;70,9;9;1;9;25;25;690,6;85;85;1;5;2,03;68,99;55,25;591,74;0,49;8,5;19,78;101,73;70,29;15,57;495,77;4,98;6414,53;0,08
"32_5";"guioa villosa";32;"M";27,4;1,2;70,9;9,5;0,5;9,5;38;38;849;95;95;1;2;7,75;74,01;57,44;574,67;0,39;7,3;24,31;104,76;69,91;17,01;488,54;2,85;7278,48;0,07
"32_6";"guioa villosa";32;"M";27,4;1,2;70,9;9,5;0,5;9,5;40;40;806,3;90;90;1;6;4,77;80,18;63,51;555;0,45;8,2;20,32;102,74;72,54;14,87;493,42;4,06;6805,9;0,07
"33_1";"Hibiscus tiliaceus P";33;"G";28,3;2;75,1;9,5;0,5;9,5;64;64;792;95;95;1;2;3,81;143,96;127,48;409,9;0,83;12,8;13,18;182,13;104,1;27,68;355,7;177,49;13423,02;0,03
"33_2";"Hibiscus tiliaceus P";33;"G";28,3;2;75,1;9;1;9;38;38;772,7;90;90;1;5;4,45;143,35;124,63;410,93;0,42;9,59;8,22;191,05;116,64;26,03;346,14;162,22;14113,13;0,03
"33_3";"Hibiscus tiliaceus P";33;"G";28,3;2;75,1;9,5;0,5;9,5;20;20;690,4;70;70;1;6;6,17;119,41;94,01;455,76;0,5;10,77;16;202,12;123,18;26,83;334,25;105,8;14066,43;0,02
"33_4";"Hibiscus tiliaceus P";33;"G";28,3;3;75,1;7;3;7;49;49;713,1;45;45;1;4;3,41;142,23;131,5;412,83;0,79;14,28;9,61;196,79;133,35;21,73;338,6;171,42;13552,95;0,03
"33_5";"Hibiscus tiliaceus P";33;"G";28,3;2;75,1;9;1;9;24;24;700,5;30;30;1;0;5,57;242,72;216,82;291,78;0,47;13,63;19,98;195,46;123,21;24,45;341,82;165,4;15591,87;0,02
"33_6";"Hibiscus tiliaceus P";33;"G";28,3;2;75,1;9,5;0,5;9,5;26;26;697,6;50;50;1;1;6,82;227,38;203,39;305,45;0,67;14,32;12,95;314,28;194,57;28,07;247,45;252,28;22868,72;0,01
"34_1";"Hibiscus tiliaceus R";34;"N";28,3;2;75,1;9,5;0,5;9,5;36;36;658,2;65;65;1;4;5,52;249,77;231,28;285,91;0,55;13,53;17,53;223,44;129,18;28,3;313,07;187,91;18185,61;0,02
"34_2";"Hibiscus tiliaceus R";34;"N";28,3;2;75,1;9,5;0,5;9,5;26;26;685;85;85;1;1;6,65;229,49;207,53;303,5;0,54;13,18;21,67;209,81;111,3;31,44;324,08;116,56;15281,31;0,02
"34_3";"Hibiscus tiliaceus R";34;"N";28,3;3;75,1;9,5;0,5;9,5;32;32;711,4;65;65;1;3;6,53;208,72;183,79;323,92;0,53;11,34;9,32;187,08;122,27;22,62;349,46;225,1;13949,27;0,03
"34_4";"Hibiscus tiliaceus R";34;"N";28,3;2;75,1;9;1;9;26;26;676,1;60;60;1;1;8,12;248,19;210,13;287,2;0,4;10,78;7,4;203,79;125,11;25,82;330,56;287,68;14486,93;0,02
"34_5";"Hibiscus tiliaceus R";34;"N";25,7;1,2;76,8;9;1;9;22;22;789,2;40;40;1;3;3,25;116,01;102,35;462,94;0,5;10,75;15,35;194,56;123,89;24,32;342,23;66,5;13627,7;0,03
"34_6";"Hibiscus tiliaceus R";34;"N";25,7;1,2;76,8;9,5;0,5;9,5;28;28;803,5;70;70;1;2;3,09;116,2;106,26;462,54;0,62;13,57;18,21;191,31;99,33;31,54;344,26;127,75;13071,15;0,03
"35_1";"Hibiscus tiliaceus G";35;"N";28,3;2;75,1;9;1;9;25;25;768,2;90;90;1;0;4,75;231,3;220,52;301,84;0,71;13,29;22,95;230,65;135,36;29,55;307,36;531,93;14693,35;0,02
"35_2";"Hibiscus tiliaceus G";35;"N";28,3;2;75,1;9,5;0,5;9,5;22;22;489,8;50;50;1;2;6,56;142,05;134,86;413,14;0,56;11,75;19,18;197,55;108,96;29,97;336,89;494,62;12387,34;0,03
"35_3";"Hibiscus tiliaceus G";35;"N";28,3;2;75,1;9;1;9;24;24;829,8;95;95;1;1;7,16;134,49;125,92;426,45;0,74;16,04;33,3;208,29;93,57;37,72;329,26;630,38;14792,07;0,02
"35_4";"Hibiscus tiliaceus G";35;"N";28,3;3;75,1;9;1;9;28;28;800,8;90;90;1;0;3,32;223,28;195,64;309,33;0,67;13,95;24,15;179,53;82,34;34,86;358,02;656,93;12598,09;0,03
"35_5";"Hibiscus tiliaceus G";35;"N";28,3;2;75,1;9,5;0,5;9,5;32;32;777,6;85;85;1;1;11,97;272,67;245,97;268,34;0,6;12,95;20,56;239,34;148,93;26,91;297,59;631,41;18505,34;0,02
"35_6";"Hibiscus tiliaceus G";35;"N";28,3;3;75,1;9;1;9;42;42;774,8;80;80;1;0;4,06;214,94;195,27;317,53;0,58;12,04;9,03;234,07;135,64;30,41;302,83;666,21;17377,79;0,02
"36_1";"Tabernaemontana cerifera";36;"F";26,6;1,5;65,3;8,5;1,5;8,5;14;14;226;5;5;1;3;9,47;210,76;197,32;321,79;0,82;16,32;73,99;375,4;284,51;19,74;215,84;153,84;8633,39;0,03
"36_2";"Tabernaemontana cerifera";36;"F";26,6;1,5;65,3;8,5;1,5;8,5;14;14;519,2;5;5;1;3;4,82;175,15;159,94;363,43;0,76;15,06;15,46;341,39;250,36;20,7;226,89;128,4;8147,03;0,03
"36_3";"Tabernaemontana cerifera";36;"F";26,6;1,5;65,3;9;1;9;30;30;592,1;20;20;1;3;7,04;198,25;185,44;335,29;0,77;16,02;32,23;315,91;248,63;16,65;242,67;108,83;8187,66;0,03
"36_4";"Tabernaemontana cerifera";36;"F";26,6;1,5;65,3;9;1;9;23;23;595;10;10;1;4;7,18;159,62;147,87;385,17;0,71;15,41;47,51;278,64;206,05;19,21;264,17;50,7;6157,87;0,04
"36_5";"Tabernaemontana cerifera";36;"F";26,6;1,5;65,3;8;2;8;12;12;225,7;10;10;1;3;4,31;167,04;157,11;374,47;0,78;15,76;81,01;295,63;217,04;20,13;252,93;77,57;6783,11;0,04
"36_6";"Tabernaemontana cerifera";36;"F";26,6;1,5;65,3;8;2;8;27;27;538,1;20;20;1;2;6,96;191,89;165,01;342,6;0,71;14,75;90,95;305,34;186,81;29,46;248,12;79,65;5714,21;0,04
"37_1";"Myodocarpus fraxinifolius";37;"F";26,6;1,5;65,3;9,5;0,5;9,5;64;64;820,1;80;80;1;1;5,57;94,39;81,99;514,44;0,76;15,77;16,64;130,06;81,44;21,12;434,7;19,48;7946,65;0,05
"37_2";"Myodocarpus fraxinifolius";37;"F";26,6;1,5;65,3;9;1;9;42;42;743,7;95;95;1;0;3,54;96,89;78,79;507,89;0,62;14,16;16,39;130,74;93,61;16,11;433,4;32,78;7001,84;0,06
"37_3";"Myodocarpus fraxinifolius";37;"F";26,6;1,5;65,3;9,5;0,5;9,5;148;148;786,5;95;95;1;0;13,99;111,31;103,47;473,24;0,98;17,58;24,57;153,52;90,99;24,72;394,59;16,1;9302,89;0,04
"37_4";"Myodocarpus fraxinifolius";37;"F";26,6;1,5;65,3;9,5;0,5;9,5;32;32;758;95;95;1;1;8,2;92,85;83,66;518,55;0,83;17;8,88;121,69;66,55;24,88;451,08;24,07;6995,2;0,06
"37_5";"Myodocarpus fraxinifolius";37;"F";26,6;1,5;65,3;9,5;0,5;9,5;56;56;823,1;95;95;1;1;8,53;142,24;124,26;412,82;0,63;13,25;12,36;176,01;130,96;16,34;362,43;23,18;9810,13;0,04
"37_6";"Myodocarpus fraxinifolius";37;"F";26,6;1,5;65,3;9,5;0,5;9,5;66;66;763,5;90;90;1;0;8,63;81,92;70,74;549,68;0,73;14,39;25,47;132,72;84,1;20,91;429,72;12,17;7132,82;0,06
"38_1";"Agathis lanceolata";38;"F";26,6;1,5;65,3;9;1;9;60;60;699,9;45;45;1;7;4,5;102,94;91,73;492,76;0,59;12,47;24,06;135,53;124,23;4,8;424,63;19,79;5494,09;0,08
"38_2";"Agathis lanceolata";38;"F";26,6;1,5;65,3;7,5;2,5;7,5;10;10;667,9;25;25;1;7;2,66;106,76;93,17;483,66;0,77;13;7,24;171,71;164,07;2,82;369,23;17,81;5653,83;0,07
"38_3";"Agathis lanceolata";38;"F";26,6;1,5;65,3;7;3;7;73;73;617,6;30;30;1;14;3,63;96,18;88,12;509,74;0,88;19;16,48;134,72;117,33;7,41;426,18;16,32;5225,24;0,08
"38_4";"Agathis lanceolata";38;"F";26,6;1,5;65,3;7;3;7;122;122;701,2;50;50;1;12;6,47;96,39;87,23;509,18;0,83;16,26;20,16;102,96;85,83;8,44;492,92;24,98;3640,64;0,14
"38_5";"Agathis lanceolata";38;"F";26,6;1,5;65,3;7;3;7;128;128;818;60;60;1;7;4,56;91,75;84,44;521,5;0,79;14,73;15,66;97,32;80,08;8,75;506,9;20,32;3376,39;0,15
"38_6";"Agathis lanceolata";38;"F";26,6;1,5;65,3;7;3;7;130;130;881,3;95;95;1;24;3,89;92,65;87;519,07;1,11;17,44;7,6;88,93;80,36;4,53;529,52;13,86;3334,48;0,16
"39_1";"Calophyllum caledonicum";39;"F";26,6;1,5;65,3;7;3;7;40;40;801,4;25;25;1;6;5,35;86,49;75,16;536,24;0,68;13,25;18,12;120,64;82,55;17,38;453,46;35,66;4654,67;0,1
"39_2";"Calophyllum caledonicum";39;"F";26,6;1,5;65,3;9;1;9;22;22;753;30;30;1;13;4,74;83,39;70,82;545,29;0,62;10,86;12,78;126,63;103,25;10,43;441,49;21,71;5094,19;0,09
"39_3";"Calophyllum caledonicum";39;"F";26,6;1,5;65,3;9;1;9;38;38;713,9;40;40;1;11;4,87;91,25;83,38;522,88;0,63;12,87;11,03;128,6;99,92;12,6;437,77;26,16;6404,4;0,07
"39_4";"Calophyllum caledonicum";39;"F";26,6;1,5;65,3;9;1;9;22;22;756,3;50;50;1;6;2,65;109,89;99,27;476,44;0,54;10,44;23,37;138,7;97,86;17,11;419,19;45,85;5936,72;0,07
"39_5";"Calophyllum caledonicum";39;"F";26,6;1,5;65,3;8;2;8;43;43;695,6;45;45;1;7;4,32;109,68;96,89;476,92;0,67;12,65;11,21;126,06;99,4;11,78;442,4;29,43;5712,44;0,08
"40_1";"Diospyros fasciculosa";40;"L";27,4;1,4;75;9,5;0,5;9,5;12;12;636,1;30;30;1;6;2,19;94,32;77,58;514,6;0,53;9,94;6,88;104,64;60,1;21,97;490,3;38,24;10340,52;0,05
"40_2";"Diospyros fasciculosa";40;"L";27,4;1,4;75;9;1;9;19;19;670,5;20;20;1;5;2,2;97,67;85,32;505,89;0,57;11,13;6,59;108,67;45,92;29,77;481,56;35,18;10855,04;0,05
"40_3";"Diospyros fasciculosa";40;"L";27,4;1,4;75;9,5;0,5;9,5;22;22;761,6;25;25;1;11;1,73;78,87;66,05;559,07;0,62;10,57;13,06;99,21;63,18;18,06;502,5;24,86;7260,51;0,07
"40_4";"Diospyros fasciculosa";40;"L";27,4;1,4;75;9,5;0,5;9,5;14;14;744;20;20;1;8;2,77;84,57;70,18;541,81;0,37;7,48;9,18;91,92;41,55;26,28;521,65;30,1;8862,16;0,06
"40_5";"Diospyros fasciculosa";40;"L";27,4;1,4;75;9;1;9;21;21;755,4;20;20;1;7;2,2;86,29;74,8;536,8;0,42;7,86;17,14;113,59;69,08;20,88;468,46;31,95;8374,52;0,06
"40_6";"Diospyros fasciculosa";40;"L";27,4;1,4;75;9,5;0,5;9,5;34;34;692,3;85;85;1;8;2,2;78,92;66,71;558,91;0,39;7,64;11,1;104,02;68,92;17,21;490,4;54,67;9582,55;0,05
"41_1";"Acronychia laevis";41;"L";27,4;1,4;75;9,5;0,5;9,5;14;14;503;35;35;1;10;2,03;96,74;70,6;508,28;0,39;7,96;12,5;274,52;177,1;26,02;267,14;30,31;19410,83;0,01
"41_2";"Acronychia laevis";41;"L";27,4;1,4;75;9,5;0,5;9,5;22;22;695,1;50;50;1;15;1,19;72,58;55,96;579,43;0,43;7,96;12,53;207,92;105,23;36,42;340,14;21,57;15017,47;0,03
"41_3";"Acronychia laevis";41;"L";27,4;1,4;75;9,5;0,5;9,5;14;14;313;20;20;1;10;1,06;92,78;73,1;518,72;0,36;6,75;9,28;261,99;188,07;19,97;279,37;20,43;19623,61;0,01
"41_4";"Acronychia laevis";41;"L";27,4;1,4;75;9,5;0,5;9,5;16;16;487,2;70;70;1;9;1,51;115,28;84,37;464,52;0,37;6,88;5,76;225,87;123,28;31,91;308,13;28,01;16481,01;0,02
"41_5";"Acronychia laevis";41;"L";27,4;1,4;75;9;1;9;16;16;663,9;30;30;1;21;1,54;123,12;93,87;448,19;0,47;8,98;18,78;235,17;153,15;24,88;298,87;11,09;17828,77;0,02
"41_6";"Acronychia laevis";41;"L";27,4;1,4;75;9;1;9;13;13;451,6;35;35;1;18;2,18;99,84;76,11;500,4;0,42;8,12;9,66;213,11;122,23;29,57;320,29;14,52;17409,51;0,02
"42_1";"Codiaeum peltatum";42;"L";27,4;1,4;75;9,5;0,5;9,5;18;18;691,3;35;35;1;6;2,44;73,86;60,58;575,16;0,57;11,62;4,12;220,2;196,99;7,3;313,12;26,39;12895,14;0,02
"42_2";"Codiaeum peltatum";42;"L";27,4;1,4;75;7;3;7;8;8;678;15;15;1;6;2,61;87,89;76,22;532,23;0,63;10,99;2,5;197,18;171,01;8,88;337,64;17,52;11674,08;0,03
"42_3";"Codiaeum peltatum";42;"L";27,4;1,4;75;9;1;9;20;20;723,5;25;25;1;5;1,63;93,32;72,44;517,27;0,42;7,89;5,82;192,47;166,21;8,98;342,2;19,82;10852,51;0,03
"42_4";"Codiaeum peltatum";42;"L";27,4;1,4;75;9;1;9;12;12;692,7;15;15;1;7;1,71;89,94;73,4;526,48;0,59;11,03;4,14;227,92;201,56;8,12;307,86;22,38;13037,3;0,02
"42_6";"Codiaeum peltatum";42;"L";27,4;1,4;75;9;1;9;12;12;397,9;10;10;1;3;1,38;102,55;83,99;493,71;0,41;7,64;5,47;206,96;179,69;8,86;326,11;22,99;11741,1;0,03
"43_1";"Gardenia urvillei";43;"L";27,4;1,4;75;9;1;9;61;61;669,6;65;65;1;8;8,67;67,34;54,87;597,6;0,68;12,56;6,21;176,49;128,14;17,74;362,79;12,73;14147,02;0,03
"43_2";"Gardenia urvillei";43;"L";27,4;1,4;75;9,5;0,5;9,5;34;34;700,4;60;60;1;9;0,97;64,13;49,62;609,27;0,59;10,02;6,9;170,67;118,7;19,24;369,84;15,26;12359,78;0,03
"43_3";"Gardenia urvillei";43;"L";27,4;1,4;75;9,5;0,5;9,5;18;18;585,9;65;65;1;7;1,22;65,37;54,45;604,72;0,65;10,07;7,57;167,76;116,73;19,21;374,24;11,62;13137,53;0,03
"43_4";"Gardenia urvillei";43;"L";27,4;1,4;75;9,5;0,5;9,5;38;38;743,4;50;50;1;9;1,69;73,29;59,3;577,07;0,55;9,16;22,63;137,8;69,02;29,39;421,6;12,16;10848,73;0,04
"43_5";"Gardenia urvillei";43;"L";27,4;1,4;75;9;1;9;12;12;635,1;15;15;1;9;2,44;55,31;42,38;643,87;0,63;10,44;7,61;158,17;82,54;29,6;387,87;11,58;10912,61;0,04
"43_6";"Gardenia urvillei";43;"L";27,4;1,4;75;9,5;0,5;9,5;86;86;632,3;70;70;1;9;1,48;51,28;42,25;661,03;0,57;9,82;10,11;130,5;43,82;37,78;434,76;17,18;10408,56;0,04
"44_2";"Cordia dichotoma";44;"L";25,7;1,2;76,8;9,5;0,5;9,5;18;18;713,9;45;45;1;0;0,85;182,91;145,77;353,47;0,29;6,38;92,49;240,11;67,91;49,76;295,64;49,66;12063,72;0,02
"44_3";"Cordia dichotoma";44;"L";25,7;1,2;76,8;9;1;9;31;31;595,2;15;15;1;2;2,27;189,3;154,4;345,66;0,41;7,68;12,51;279,6;13,96;69,96;263,63;39,74;14932,09;0,02
"44_4";"Cordia dichotoma";44;"L";25,7;1,2;76,8;9;1;9;21;21;688,3;45;45;1;1;1,83;201,17;170,01;332,04;0,46;8,35;73,67;223,73;22,96;61,9;309,84;55,9;11159,3;0,03
"44_5";"Cordia dichotoma";44;"L";25,7;1,2;76,8;9;1;9;24;24;613,9;40;40;1;1;2,94;213,57;169,9;318,9;0,42;9,11;47,84;257,02;38,48;61,41;281,85;45,47;12550,03;0,02
"44_6";"Cordia dichotoma";44;"L";25,7;1,2;76,8;9;1;9;16;16;665,9;20;20;1;3;0,26;276,41;187,52;265,67;0,48;9,37;86,79;255,27;12,56;68,31;281,54;36,39;12976,78;0,02
"45_1";"Lepidocupania arcuata";45;"L";25,7;1,2;76,8;9;1;9;44;44;752,3;90;90;1;5;2,17;92,63;81,14;519,13;0,6;9,92;21,4;88,68;24,59;33,94;530,07;26,42;7123,83;0,08
"45_2";"Lepidocupania arcuata";45;"L";25,7;1,2;76,8;8,5;1,5;8,5;28;28;751,9;25;25;1;10;1,56;54,12;45,08;648,85;0,59;8,59;26,08;96,96;25,05;36,4;507,95;14,97;7312,8;0,07
"45_3";"Lepidocupania arcuata";45;"L";25,7;1,2;76,8;8,5;1,5;8,5;22;22;798,4;30;30;1;10;2,75;77,78;61,98;562,48;0,65;11,62;27,91;89,49;18,17;37,62;528,46;20,81;7124,1;0,07
"45_4";"Lepidocupania arcuata";45;"L";25,7;1,2;76,8;9;1;9;29;29;848;80;80;1;7;3,09;68,82;55,1;592,35;0,58;8,92;28,03;90,51;9,81;42,36;525,02;9,07;6760,51;0,08
"45_5";"Lepidocupania arcuata";45;"L";25,7;1,2;76,8;9;1;9;22;22;666,2;25;25;1;8;2,01;64,69;54,83;607,21;0,49;9,96;31,37;95,9;23,65;36,87;510,5;30,7;7860,87;0,06
"45_6";"Lepidocupania arcuata";45;"L";25,7;1,2;76,8;8;2;8;30;30;840,9;90;90;1;8;1,52;71,19;58,71;584,14;0,51;9,66;36,68;93,3;30,84;32,3;517,47;22,94;7954,42;0,07
"46_1";"Scaevola montana";46;"N";24,1;2,4;64,2;9,5;0,5;9,5;16;16;649,1;35;35;1;16;2,84;112,78;77,67;469,97;0,49;9,84;14;423,19;247,16;34,99;192,99;11,43;21281,68;0,01
"46_2";"Scaevola montana";46;"N";24,1;2,4;64,2;9,5;0,5;9,5;26;26;564,2;30;30;1;15;1,89;90,07;72,55;526,13;0,71;13,07;8,52;333,97;180,72;35,81;231,98;10,15;17140,43;0,01
"46_3";"Scaevola montana";46;"N";24,1;2,4;64,2;9,5;0,5;9,5;16;16;505,4;40;40;1;17;1,67;118,48;96,3;457,71;0,5;8,2;15,75;358,76;174,84;39,9;218,55;11,93;17525,16;0,01
"46_4";"Scaevola montana";46;"N";24,1;2,4;64,2;9,5;0,5;9,5;24;24;674,2;30;30;1;14;2,01;100,37;85,4;499,07;0,75;14,12;13,92;401,15;214,72;37,97;200,99;7,78;18255,2;0,01
"46_6";"Scaevola montana";46;"N";24,1;2,4;64,2;9,5;0,5;9,5;16;16;739,3;40;40;1;17;1,01;134,68;106,69;426,11;0,41;7,39;27,88;376,08;58,13;66,87;212,47;16,63;21535,54;0,01
"47_1";"Alstonia vieillardii";47;"N";24,1;2,4;64,2;9,5;0,5;9,5;30;30;603;30;30;1;0;10,33;124,33;114,37;445,77;0,5;9,8;12,61;354,33;289,18;14,19;220,72;341,34;14315,95;0,02
"47_2";"Alstonia vieillardii";47;"N";24,1;2,4;64,2;8,5;1,5;8,5;22;22;508,4;55;55;1;4;2,92;104,68;88,73;488,56;0,48;10,88;20,65;256,56;194,66;17,54;281,29;79,59;9330,05;0,03
"47_3";"Alstonia vieillardii";47;"N";24,1;2,4;64,2;9;1;9;31;31;642,5;40;40;1;1;10,91;102,39;91,91;494,1;0,54;10,45;11,19;231,92;174,89;17,28;304,13;167,95;8806,42;0,04
"47_4";"Alstonia vieillardii";47;"N";24,1;2,4;64,2;8;2;8;18;18;690,8;20;20;1;4;4,99;106,83;93,2;483,49;0,42;9,07;11,2;258,7;182,32;21,48;280,12;131,84;10888,37;0,03
"47_5";"Alstonia vieillardii";47;"N";24,1;2,4;64,2;9;1;9;16;16;739,5;30;30;1;3;6,09;75,55;61,66;569,64;0,46;9,39;7,05;244,8;142,55;29,84;290,25;70,69;12219,81;0,02
"47_6";"Alstonia vieillardii";47;"N";24,1;2,4;64,2;9;1;9;24;24;459;20;20;1;0;17,4;103,37;90,16;491,73;0,45;9,37;4,76;271,19;210,55;16,59;270,67;292,39;12605,24;0,02
"48_1";"Crossostylis grandiflora";48;"F";29,5;5;59,9;9;1;9;19;19;694;45;45;1;3;18,43;165,52;145,48;376,62;0,58;10,6;47,87;204,4;134,21;23,51;329,49;70,14;8382,4;0,04
"48_2";"Crossostylis grandiflora";48;"F";29,5;5;59,9;9;1;9;10;10;587,5;15;15;1;5;5,73;150,12;130,74;399,81;0,63;11,84;30,11;213,55;171,27;13,53;319,31;72,19;8884,91;0,04
"48_3";"Crossostylis grandiflora";48;"F";29,5;5;59,9;9;1;9;34;34;640,6;25;25;1;6;NA;156,07;137,62;390,52;0,63;11,71;22,77;211,5;156,56;17,88;323,97;94,37;8594,4;0,04
"48_4";"Crossostylis grandiflora";48;"F";29,5;5;59,9;8,5;1,5;8,5;18;18;630,6;30;30;1;3;8,32;160,71;141,71;383,57;0,58;12,62;45,03;218,8;173,42;14,48;318,03;68,52;8236,24;0,04
"48_5";"Crossostylis grandiflora";48;"F";29,5;5;59,9;9;1;9;23;23;711;50;50;1;1;8,71;151,15;155,1;398,17;0,65;11,5;55,14;226,87;174,97;15,88;306,01;89,66;8682,87;0,04
"48_6";"Crossostylis grandiflora";48;"F";29,5;5;59,9;9;1;9;17;17;677;90;90;1;5;5,61;155,7;133,6;391,08;0,51;10,63;14,57;240,14;187,9;15,62;298,97;46,44;10538,53;0,03
"49_1";"Geissois racemosa";49;"F";29,5;5;59,9;9;1;9;24;24;813,1;85;85;1;0;6,09;99;85,68;502,51;0,52;11,22;22,78;145,99;97,25;19,83;406,75;56,97;8507,9;0,05
"49_2";"Geissois racemosa";49;"F";29,5;5;59,9;9,5;0,5;9,5;32;32;750,3;75;75;1;2;5,73;153,52;142,48;394,45;0,88;16,76;17,77;179,48;128,86;18,16;360,56;88,13;9392,33;0,04
"49_3";"Geissois racemosa";49;"F";29,5;5;59,9;9;1;9;26;26;781,9;70;70;1;0;3,07;145,73;133,72;406,96;0,88;16,44;39,86;161,11;85,25;29,01;383,87;118,3;10089,34;0,04
"49_4";"Geissois racemosa";49;"F";29,5;5;59,9;9;1;9;26;26;702,1;30;30;1;0;4,06;25,43;23,25;797,28;0,39;9,68;25,48;186,87;95,9;31,68;348,78;161,56;11970,75;0,03
"49_5";"Geissois racemosa";49;"F";29,5;5;59,9;9;1;9;53;53;738,6;65;65;1;4;1,92;130,3;120,83;434,22;1,26;18,03;84,8;148,64;83,2;26,31;402,22;174,68;8001,2;0,05
"49_6";"Geissois racemosa";49;"F";29,5;5;59,9;9;1;9;44;44;702;95;95;1;0;4,41;131,39;117,81;432,16;0,49;10,46;72,03;195,06;105,92;30,12;339,19;111,59;11098,18;0,03
"50_1";"Glochidion billardierei";50;"F";29,5;5;59,9;9,5;0,5;9,5;30;30;816,2;90;90;1;8;2,05;98,19;90,92;504,57;0,49;11,85;109,87;128,08;30,49;42,74;439,25;19,68;7835,78;0,06
"50_2";"Glochidion billardierei";50;"F";29,5;5;59,9;9;1;9;29;29;697,5;50;50;1;10;3,01;141,55;132,78;414;0,63;12,44;136,44;128,58;25,33;45,09;438,17;17,8;7234,51;0,06
"50_3";"Glochidion billardierei";50;"F";29,5;5;59,9;9,5;0,5;9,5;20;20;658,1;85;85;1;11;2,84;135,93;124,44;423,85;0,64;9,38;116,37;120,97;39,8;36,78;452,62;23,56;7034,55;0,06
"50_4";"Glochidion billardierei";50;"F";29,5;5;59,9;9;1;9;26;26;848,2;80;80;1;10;3,1;133,62;122,04;428,05;0,59;13,61;71,59;115,93;35,37;37,2;463,87;16,56;8017,1;0,06
"50_5";"Glochidion billardierei";50;"F";29,5;5;59,9;9;1;9;22;22;763,2;95;95;1;11;4,13;135,96;124,46;423,79;0,52;11,47;91,56;179,55;30,09;53,46;358,24;15,58;11173,85;0,03
"50_6";"Glochidion billardierei";50;"F";29,5;5;59,9;9;1;9;28;28;638,5;75;75;1;10;1,16;154,27;142,85;393,28;0,64;12,48;60,74;137,32;41,19;40,5;422,44;19,22;10793,99;0,04
"51_1";"Aleurites moluccana";51;"F";29,5;5;59,9;9;1;9;13;13;536,4;15;15;1;1;8,6;241,95;229,53;292,44;0,61;14,37;40,23;229,01;163,59;20,54;304,96;128,9;11959,89;0,03
"51_2";"Aleurites moluccana";51;"F";29,5;5;59,9;9;1;9;20;20;736,3;30;30;1;3;4,21;207,49;197,42;325,21;0,66;13,58;33,27;236,02;180,95;17,87;306,46;139,22;12501,73;0,03
"51_3";"Aleurites moluccana";51;"F";29,5;5;59,9;9;1;9;30;30;552,4;60;60;1;0;12,13;192,11;182,06;342,34;0,54;12,77;44,42;207,79;118,77;28,78;325,25;77,59;10428,97;0,03
"51_4";"Aleurites moluccana";51;"F";29,5;5;59,9;9;1;9;26;26;717,8;60;60;1;0;8,53;155,64;146,56;391,18;0,44;11,55;33,63;228,38;132,9;29,77;306,97;90,99;11478,27;0,03
"51_5";"Aleurites moluccana";51;"F";29,5;5;59,9;9,5;0,5;9,5;10;10;791,9;40;40;1;0;12,79;279,14;261,58;263,75;0,51;10,32;14,64;199,29;164,3;11,69;334,18;169,5;10768,38;0,03
"51_6";"Aleurites moluccana";51;"F";29,5;5;59,9;9;1;9;18;18;712,4;30;30;1;0;13,64;176,83;162,53;361,23;0,52;11,35;5,74;212,58;190,12;7,23;320,23;186,69;11609,06;0,03
"52_1";"Trema cannabina";52;"N";29,5;5;59,9;9,5;0,5;9,5;28;28;628;80;80;1;12;0,47;179,73;150,16;357,49;0,37;9,51;71,24;234,19;90,09;43,77;301,13;25,95;21763,31;0,01
"52_2";"Trema cannabina";52;"N";29,5;5;59,9;9,5;0,5;9,5;24;24;709;85;85;1;12;0,49;164,05;111,24;378,71;0,27;8,35;93,55;224,51;43,63;55,9;309,45;29,05;22876,97;0,01
"52_3";"Trema cannabina";52;"N";29,5;5;59,9;9,5;0,5;9,5;22;22;597,4;35;35;1;5;1,95;226,02;195,93;306,73;0,32;8,96;86,03;251,89;55,32;55,42;286,16;38,01;23313,34;0,01
"52_4";"Trema cannabina";52;"N";29,5;5;59,9;9,5;0,5;9,5;18;18;593;45;45;1;8;0,61;173,79;139,84;365,24;0,31;7,37;63,31;239,69;48,24;56,19;294,96;34,48;22266,38;0,01
"52_5";"Trema cannabina";52;"N";29,5;5;59,9;9,5;0,5;9,5;20;20;667,1;50;50;1;4;1,07;209,58;166,84;323,01;0,25;6,57;35,96;230,24;72,79;44,39;320,23;49,77;24969,91;0,01
"52_6";"Trema cannabina";52;"N";29,5;5;59,9;9,5;0,5;9,5;20;20;544;25;25;1;15;0,51;154,92;119,77;392,28;0,36;7,19;55,39;216,99;30,34;58,93;315,83;33,49;22167,24;0,01
"53_1";"Elaeocarpus angustifolius";53;"F";26,1;0;77,4;9,5;0,5;9,5;16;16;811,3;40;40;1;10;4,26;144,99;125,34;408,18;0,52;10,32;23,91;138,24;85,95;21,92;420,34;17,69;9175,6;0,05
"53_2";"Elaeocarpus angustifolius";53;"F";26,1;2;77,4;9,5;0,5;9,5;14;14;737,9;45;45;1;9;2,37;126,08;107,44;442,31;0,47;10,39;25,08;149,47;109,23;16,2;401,16;26,92;10573,41;0,04
"53_3";"Elaeocarpus angustifolius";53;"F";26,1;2;77,4;9,5;0,5;9,5;18;18;710,4;90;90;1;4;0,9;130,16;111,16;434,49;0,36;8,38;27,88;146,55;75,96;28,84;405,92;23,58;10975,99;0,04
"53_4";"Elaeocarpus angustifolius";53;"F";26,1;0;77,4;9,5;0,5;9,5;22;22;665,4;60;60;1;8;1,49;137,71;110,14;420,67;0,37;8,74;52,39;143,39;98,7;18,43;411,09;26,71;10824,58;0,04
"53_5";"Elaeocarpus angustifolius";53;"F";26,1;0;77,4;9,5;0,5;9,5;10;10;677;45;45;1;9;2,56;151,14;129,19;398,18;0,42;9,16;21,52;160,14;97,25;24,38;384,88;22,62;12254,08;0,03
"53_6";"Elaeocarpus angustifolius";53;"F";26,1;2;77,4;9,5;0,5;9,5;30;30;601,4;65;65;1;5;0,88;131,48;112,94;432,01;0,47;8,65;35,81;174,42;74,32;36,89;364,91;24,55;13854,55;0,03
"54_1";"Erythrina variegata var. fastigiata";54;"R";26,1;0;77,4;9,5;0,5;9,5;18;18;637,7;70;70;1;3;1,05;222,72;194,79;309,87;0,54;9,4;77,38;237,85;130,69;31,81;296,35;32,21;18862,64;0,02
"54_2";"Erythrina variegata var. fastigiata";54;"R";26,1;0;77,4;9,5;0,5;9,5;28;28;641,6;85;85;1;0;3,79;185,42;168,31;350,36;0,67;11,66;85,34;247,56;154,27;26,87;287,75;40,99;16410,57;0,02
"54_3";"Erythrina variegata var. fastigiata";54;"R";26,1;2;77,4;9,5;0,5;9,5;30;30;710,6;80;80;1;5;1,11;155,69;142,48;391,09;0,46;9,14;63,08;288,94;153,21;37,5;268,02;34,32;18478,11;0,02
"54_4";"Erythrina variegata var. fastigiata";54;"R";26,1;2;77,4;9,5;0,5;9,5;30;30;710,4;95;95;1;3;2,41;163,9;145,75;378,94;0,56;11,02;56,16;225,06;62,08;50,16;309,4;19,97;19591,41;0,02
"54_5";"Erythrina variegata var. fastigiata";54;"R";26,1;2;77,4;9,5;0,5;9,5;42;42;640;80;80;1;4;1,33;147,42;131,36;404,17;0,45;9,39;57,36;228,16;62,49;50,17;308,79;17,56;21377,98;0,02
"54_6";"Erythrina variegata var. fastigiata";54;"R";26,1;2;77,4;9,5;0,5;9,5;16;16;630,5;80;80;1;6;1,26;156,27;147,06;390,21;0,63;11,56;24,52;211,36;65,46;46,84;321,23;43,14;19949,2;0,02
