"";"Nom_scientifique";"ID_espece";"ID_echantillon";"ID_Feuille";"DI";"BT";"MT";"BB";"SV";"SD";"TMC_t0";"TMC_t24";"PET";"TDMC";"TD";"Gmin";"LMC_t0";"LMC_t24";"PEF";"LDMC";"Surface_F";"SLA";"LT"
"1";"Mangifera_indica";1;"01_1";"01_1_1";1;17;625,5;60;NA;NA;127,45;112,97;6,36;439,67;0,47;6,348360496;86,82;49,61;19,92;535,27;8,53;6612,4;0,0809
"2";"Mangifera_indica";1;"01_1";"01_1_2";1;17;625,5;60;NA;NA;127,45;112,97;6,36;439,67;0,47;6,348360496;194,01;156,25;12,84;340,12;47,266;12308,85;0,0276
"3";"Mangifera_indica";1;"01_1";"01_1_3";1;17;625,5;60;NA;NA;127,45;112,97;6,36;439,67;0,47;6,348360496;213,73;167,32;14,79;318,75;20,773;13577,12;0,0235
"4";"Mangifera_indica";1;"01_1";"01_1_4";1;17;625,5;60;NA;NA;127,45;112,97;6,36;439,67;0,47;6,348360496;99,06;63,6;17,81;502,36;36,385;6826,45;0,0736
"5";"Mangifera_indica";1;"01_1";"01_1_5";1;17;625,5;60;NA;NA;127,45;112,97;6,36;439,67;0,47;6,348360496;206,56;152,46;17,65;326,2;8,314;13629,51;0,0239
"6";"Mangifera_indica";1;"01_2";"01_2_1";2;32;812;65;NA;NA;132,07;110,28;9,39;430,91;0,36;6,968544682;185,44;145,63;13,95;350,34;11,738;11396,12;0,0307
"7";"Mangifera_indica";1;"01_2";"01_2_2";2;32;812;65;NA;NA;132,07;110,28;9,39;430,91;0,36;6,968544682;168,67;140,77;10,38;372,2;24,353;10451,93;0,0356
"8";"Mangifera_indica";1;"01_2";"01_2_3";2;32;812;65;NA;NA;132,07;110,28;9,39;430,91;0,36;6,968544682;153,27;128,79;9,67;394,83;47,109;8805,42;0,0448
"9";"Mangifera_indica";1;"01_2";"01_2_4";2;32;812;65;NA;NA;132,07;110,28;9,39;430,91;0,36;6,968544682;168,49;136,66;11,86;372,46;32,459;10436,98;0,0357
"10";"Mangifera_indica";1;"01_2";"01_2_5";2;32;812;65;NA;NA;132,07;110,28;9,39;430,91;0,36;6,968544682;163,64;130,55;12,55;379,31;25,98;9447,27;0,0402
"11";"Mangifera_indica";1;"01_3";"01_3_1";1;20;801,2;70;NA;NA;257,09;188,29;19,27;280,04;0,41;9,564029917;136,82;103,77;13,96;422,26;45,447;9507,74;0,0444
"12";"Mangifera_indica";1;"01_3";"01_3_2";1;20;801,2;70;NA;NA;257,09;188,29;19,27;280,04;0,41;9,564029917;191,51;161,06;10,45;343,04;71,987;11977,87;0,0286
"13";"Mangifera_indica";1;"01_3";"01_3_3";1;20;801,2;70;NA;NA;257,09;188,29;19,27;280,04;0,41;9,564029917;174,49;156,72;6,47;364,32;55,244;12584,05;0,029
"14";"Mangifera_indica";1;"01_3";"01_3_4";1;20;801,2;70;NA;NA;257,09;188,29;19,27;280,04;0,41;9,564029917;181,98;144,37;13,34;354,63;51,222;11536,49;0,0307
"15";"Mangifera_indica";1;"01_3";"01_3_5";1;20;801,2;70;NA;NA;257,09;188,29;19,27;280,04;0,41;9,564029917;190,97;151,18;13,67;343,68;56,281;12103,44;0,0284
"16";"Mangifera_indica";1;"01_4";"01_4_1";2;19;705;75;NA;NA;147,02;121,77;10,22;404,82;0,37;4,154519426;161,76;135,29;10,11;382,02;20,173;11866,47;0,0322
"17";"Mangifera_indica";1;"01_4";"01_4_2";2;19;705;75;NA;NA;147,02;121,77;10,22;404,82;0,37;4,154519426;159,86;136,06;9,16;384,83;44,478;10691,83;0,036
"18";"Mangifera_indica";1;"01_4";"01_4_3";2;19;705;75;NA;NA;147,02;121,77;10,22;404,82;0,37;4,154519426;170,27;143,42;9,94;370;86,573;11287,22;0,0328
"19";"Mangifera_indica";1;"01_4";"01_4_4";2;19;705;75;NA;NA;147,02;121,77;10,22;404,82;0,37;4,154519426;174,37;148,89;9,28;364,48;76,02;12028,48;0,0303
"20";"Mangifera_indica";1;"01_4";"01_4_5";2;19;705;75;NA;NA;147,02;121,77;10,22;404,82;0,37;4,154519426;187,37;152,06;12,29;347,98;50,557;13030,15;0,0267
"21";"Mangifera_indica";1;"01_5";"01_5_1";1,5;12;812;30;NA;NA;156,99;141,6;5,99;389,11;0,35;8,349685944;131,94;78,13;23,2;431,14;110,847;10058,71;0,0429
"22";"Mangifera_indica";1;"01_5";"01_5_2";1,5;12;812;30;NA;NA;156,99;141,6;5,99;389,11;0,35;8,349685944;129,54;83,72;19,96;435,66;111,227;9895,64;0,044
"23";"Mangifera_indica";1;"01_5";"01_5_3";1,5;12;812;30;NA;NA;156,99;141,6;5,99;389,11;0,35;8,349685944;151,58;114,74;14,64;397,49;34,78;12203,51;0,0326
"24";"Mangifera_indica";1;"01_5";"01_5_4";1,5;12;812;30;NA;NA;156,99;141,6;5,99;389,11;0,35;8,349685944;147,26;116,24;12,54;404,44;54,827;11566,88;0,035
"25";"Mangifera_indica";1;"01_5";"01_5_5";1,5;12;812;30;NA;NA;156,99;141,6;5,99;389,11;0,35;8,349685944;134,55;111,8;9,7;426,35;74,295;10434,69;0,0409
"26";"Mangifera_indica";1;"01_6";"01_6_1";1;16;798;40;NA;NA;109,63;94,79;7,08;477,04;0,45;11,17756319;98,61;67,1;15,87;503,49;84,212;7782,99;0,0647
"27";"Mangifera_indica";1;"01_6";"01_6_2";1;16;798;40;NA;NA;109,63;94,79;7,08;477,04;0,45;11,17756319;100;77,13;11,43;500;76,164;7474,39;0,0669
"28";"Mangifera_indica";1;"01_6";"01_6_3";1;16;798;40;NA;NA;109,63;94,79;7,08;477,04;0,45;11,17756319;109,41;71,53;18,09;477,53;136,496;8232,57;0,058
"29";"Mangifera_indica";1;"01_6";"01_6_4";1;16;798;40;NA;NA;109,63;94,79;7,08;477,04;0,45;11,17756319;104,59;79,06;12,48;488,78;131,843;7564,14;0,0646
"30";"Mangifera_indica";1;"01_6";"01_6_5";1;16;798;40;NA;NA;109,63;94,79;7,08;477,04;0,45;11,17756319;99,07;78,12;10,52;502,33;64,879;7509,14;0,0669
"31";"Terminalia_catappa";2;"02_1";"02_1_1";2;12;713;10;NA;NA;103,69;89,9;6,77;490,95;0,58;16,30830205;263,37;179,23;23,15;275,2;574,329;14669,96;0,0188
"32";"Terminalia_catappa";2;"02_1";"02_1_2";2;12;713;10;NA;NA;103,69;89,9;6,77;490,95;0,58;16,30830205;215,46;134,44;25,68;317;459,303;12350,17;0,0257
"33";"Terminalia_catappa";2;"02_1";"02_1_3";2;12;713;10;NA;NA;103,69;89,9;6,77;490,95;0,58;16,30830205;239,71;119,41;35,41;294,37;218,818;14956,8;0,0197
"34";"Terminalia_catappa";2;"02_1";"02_1_4";2;12;713;10;NA;NA;103,69;89,9;6,77;490,95;0,58;16,30830205;222,17;136,62;26,55;310,4;297,862;14110;0,022
"35";"Terminalia_catappa";2;"02_1";"02_1_5";2;12;713;10;NA;NA;103,69;89,9;6,77;490,95;0,58;16,30830205;203,73;130,1;24,24;329,24;326,908;13261,99;0,0248
"36";"Terminalia_catappa";2;"02_2";"02_2_1";2;21;513;10;NA;NA;397,36;320,13;15,53;201,06;0,29;7,372685161;187,23;132,71;18,98;348,15;266,433;11809,97;0,0295
"37";"Terminalia_catappa";2;"02_2";"02_2_2";2;21;513;10;NA;NA;397,36;320,13;15,53;201,06;0,29;7,372685161;185,71;128,65;19,97;350,01;186,535;11109,89;0,0315
"38";"Terminalia_catappa";2;"02_2";"02_2_3";2;21;513;10;NA;NA;397,36;320,13;15,53;201,06;0,29;7,372685161;181,81;113,29;24,31;354,85;182,949;11803,16;0,0301
"39";"Terminalia_catappa";2;"02_2";"02_2_4";2;21;513;10;NA;NA;397,36;320,13;15,53;201,06;0,29;7,372685161;197;115,78;27,35;336,7;284,38;10784,22;0,0312
"40";"Terminalia_catappa";2;"02_2";"02_2_5";2;21;513;10;NA;NA;397,36;320,13;15,53;201,06;0,29;7,372685161;282,17;211,46;18,5;261,67;240,15;15296,18;0,0171
"41";"Terminalia_catappa";2;"02_3";"02_3_1";1;15;606;25;NA;NA;107,39;97,54;4,75;482,19;0,48;31,34592761;279,14;182,7;25,44;263,75;251,296;15416,93;0,0171
"42";"Terminalia_catappa";2;"02_3";"02_3_2";1;15;606;25;NA;NA;107,39;97,54;4,75;482,19;0,48;31,34592761;274,12;201,92;19,3;267,29;222,014;14732,18;0,0181
"43";"Terminalia_catappa";2;"02_3";"02_3_3";1;15;606;25;NA;NA;107,39;97,54;4,75;482,19;0,48;31,34592761;223,15;132,97;27,91;309,45;295,79;12799,22;0,0242
"44";"Terminalia_catappa";2;"02_3";"02_3_4";1;15;606;25;NA;NA;107,39;97,54;4,75;482,19;0,48;31,34592761;231,45;163,03;20,64;301,7;121,061;14533,13;0,0208
"45";"Terminalia_catappa";2;"02_3";"02_3_5";1;15;606;25;NA;NA;107,39;97,54;4,75;482,19;0,48;31,34592761;272,3;195,74;20,56;268,6;180,18;14768,85;0,0182
"46";"Terminalia_catappa";2;"02_4";"02_4_1";2;27;632;20;NA;NA;131,94;109,39;9,72;431,14;0,47;38,90706486;242,43;197,3;13,18;292,03;196,003;13243,45;0,0221
"47";"Terminalia_catappa";2;"02_4";"02_4_2";2;27;632;20;NA;NA;131,94;109,39;9,72;431,14;0,47;38,90706486;244,58;204,49;11,64;290,21;263,686;13606,09;0,0213
"48";"Terminalia_catappa";2;"02_4";"02_4_3";2;27;632;20;NA;NA;131,94;109,39;9,72;431,14;0,47;38,90706486;244,77;226,69;5,25;290,05;258,854;13336,12;0,0217
"49";"Terminalia_catappa";2;"02_4";"02_4_4";2;27;632;20;NA;NA;131,94;109,39;9,72;431,14;0,47;38,90706486;261,76;214,55;13,05;276,42;317,005;12431,57;0,0222
"50";"Terminalia_catappa";2;"02_4";"02_4_5";2;27;632;20;NA;NA;131,94;109,39;9,72;431,14;0,47;38,90706486;257,28;209,09;13,49;279,89;248,77;12990,6;0,0215
"51";"Terminalia_catappa";2;"02_5";"02_5_1";2;12;468;5;NA;NA;202,33;185,57;5,55;330,76;0,53;28,34690237;205,42;148,94;18,49;327,42;196,583;10982,29;0,0298
"52";"Terminalia_catappa";2;"02_5";"02_5_2";2;12;468;5;NA;NA;202,33;185,57;5,55;330,76;0,53;28,34690237;175,91;132,02;15,9;362,44;176,975;11047,13;0,0328
"53";"Terminalia_catappa";2;"02_5";"02_5_3";2;12;468;5;NA;NA;202,33;185,57;5,55;330,76;0,53;28,34690237;198,12;131,04;22,5;335,44;142,763;10330,17;0,0325
"54";"Terminalia_catappa";2;"02_5";"02_5_4";2;12;468;5;NA;NA;202,33;185,57;5,55;330,76;0,53;28,34690237;188,04;135,78;18,14;347,18;202,735;10778,04;0,0322
"55";"Terminalia_catappa";2;"02_5";"02_5_5";2;12;468;5;NA;NA;202,33;185,57;5,55;330,76;0,53;28,34690237;267,48;140,2;34,63;272,13;173,29;13580,72;0,02
"56";"Terminalia_catappa";2;"02_6";"02_6_1";1;18;688;40;NA;NA;101,33;92,55;4,36;496,7;0,52;28,2256975;193,89;124,89;23,48;340,27;264,661;10440,28;0,0326
"57";"Terminalia_catappa";2;"02_6";"02_6_2";1;18;688;40;NA;NA;101,33;92,55;4,36;496,7;0,52;28,2256975;232,44;195,27;11,18;300,8;215,001;9880,56;0,0304
"58";"Terminalia_catappa";2;"02_6";"02_6_3";1;18;688;40;NA;NA;101,33;92,55;4,36;496,7;0,52;28,2256975;218,49;178,86;12,44;313,98;133,588;10695,6;0,0294
"59";"Terminalia_catappa";2;"02_6";"02_6_4";1;18;688;40;NA;NA;101,33;92,55;4,36;496,7;0,52;28,2256975;193,85;65,66;43,62;340,31;370,162;10308,05;0,033
"60";"Terminalia_catappa";2;"02_6";"02_6_5";1;18;688;40;NA;NA;101,33;92,55;4,36;496,7;0,52;28,2256975;226,54;187,4;11,98;306,25;248,482;9782,76;0,0313
"61";"Alphitonia_neocaledonica";3;"03_1";"03_1_1";2;103;848;85;0,059;5,08;72,47;59,18;7,7;579,8;0,89;7,205396118;97,08;59,06;19,29;507,42;20,437;5975,73;0,0849
"62";"Alphitonia_neocaledonica";3;"03_1";"03_1_2";2;103;848;85;0,059;5,08;72,47;59,18;7,7;579,8;0,89;7,205396118;100,95;66,25;17,27;497,65;19,278;6081,39;0,0818
"63";"Alphitonia_neocaledonica";3;"03_1";"03_1_3";2;103;848;85;0,059;5,08;72,47;59,18;7,7;579,8;0,89;7,205396118;98,83;60,23;19,41;502,94;10,827;6331,58;0,0794
"64";"Alphitonia_neocaledonica";3;"03_1";"03_1_4";2;103;848;85;0,059;5,08;72,47;59,18;7,7;579,8;0,89;7,205396118;104,86;58,3;22,73;488,14;15,55;6295,55;0,0775
"65";"Alphitonia_neocaledonica";3;"03_1";"03_1_5";2;103;848;85;0,059;5,08;72,47;59,18;7,7;579,8;0,89;7,205396118;100,25;68,19;16,01;499,36;22,549;5737,66;0,087
"66";"Alphitonia_neocaledonica";3;"03_2";"03_2_1";1,5;80;880,5;95;0,028;4,46;81,34;68,38;7,14;551,46;0,83;16,71824521;106,61;61,67;21,75;484,01;10,48;4616,74;0,1048
"67";"Alphitonia_neocaledonica";3;"03_2";"03_2_2";1,5;80;880,5;95;0,028;4,46;81,34;68,38;7,14;551,46;0,83;16,71824521;108,8;62,73;22,06;478,92;25,731;4818,54;0,0994
"68";"Alphitonia_neocaledonica";3;"03_2";"03_2_3";1,5;80;880,5;95;0,028;4,46;81,34;68,38;7,14;551,46;0,83;16,71824521;107,13;66,6;19,57;482,79;25,181;4724,39;0,1022
"69";"Alphitonia_neocaledonica";3;"03_2";"03_2_4";1,5;80;880,5;95;0,028;4,46;81,34;68,38;7,14;551,46;0,83;16,71824521;101,2;58,2;21,37;497,02;22,225;4445;0,1118
"70";"Alphitonia_neocaledonica";3;"03_2";"03_2_5";1,5;80;880,5;95;0,028;4,46;81,34;68,38;7,14;551,46;0,83;16,71824521;82,51;15,59;36,67;547,92;20,659;3927,57;0,1395
"71";"Alphitonia_neocaledonica";3;"03_3";"03_3_1";1;144;844,5;85;0,116;1,51;83,55;68,8;8,04;544,81;0,59;12,61632182;97,47;45,06;26,54;506,41;18,793;4757,72;0,1064
"72";"Alphitonia_neocaledonica";3;"03_3";"03_3_2";1;144;844,5;85;0,116;1,51;83,55;68,8;8,04;544,81;0,59;12,61632182;91,42;38,75;27,51;522,42;33,615;4371,26;0,1195
"73";"Alphitonia_neocaledonica";3;"03_3";"03_3_3";1;144;844,5;85;0,116;1,51;83,55;68,8;8,04;544,81;0,59;12,61632182;78,05;32,25;25,72;561,64;15,41;4176,15;0,1345
"74";"Alphitonia_neocaledonica";3;"03_3";"03_3_4";1;144;844,5;85;0,116;1,51;83,55;68,8;8,04;544,81;0,59;12,61632182;84,86;31,19;29,03;540,94;18,163;4165,83;0,1299
"75";"Alphitonia_neocaledonica";3;"03_3";"03_3_5";1;144;844,5;85;0,116;1,51;83,55;68,8;8,04;544,81;0,59;12,61632182;95,61;29,51;33,79;511,22;18,328;4470,24;0,1144
"76";"Alphitonia_neocaledonica";3;"03_4";"03_4_1";1;68;751,3;35;0,055;1,82;86,1;69,39;8,98;537,33;0,51;19,85008499;110,99;68,68;20,05;473,96;13,741;7550;0,0628
"77";"Alphitonia_neocaledonica";3;"03_4";"03_4_2";1;68;751,3;35;0,055;1,82;86,1;69,39;8,98;537,33;0,51;19,85008499;116,63;74,94;19,24;461,62;29,52;7113,25;0,0649
"78";"Alphitonia_neocaledonica";3;"03_4";"03_4_3";1;68;751,3;35;0,055;1,82;86,1;69,39;8,98;537,33;0,51;19,85008499;111,08;75,28;16,96;473,76;24,288;6900;0,0687
"79";"Alphitonia_neocaledonica";3;"03_4";"03_4_4";1;68;751,3;35;0,055;1,82;86,1;69,39;8,98;537,33;0,51;19,85008499;125,3;85,57;17,63;443,86;49,993;8487,78;0,0523
"80";"Alphitonia_neocaledonica";3;"03_4";"03_4_5";1;68;751,3;35;0,055;1,82;86,1;69,39;8,98;537,33;0,51;19,85008499;81,82;32,99;26,86;550;41,211;5352,08;0,1028
"81";"Alphitonia_neocaledonica";3;"03_5";"03_5_1";1;112;820,8;90;0,085;4,12;66,48;58,89;4,56;600,66;0,89;19,85008499;82,87;40,67;23,08;546,82;10,664;3261,16;0,1677
"82";"Alphitonia_neocaledonica";3;"03_5";"03_5_2";1;112;820,8;90;0,085;4,12;66,48;58,89;4,56;600,66;0,89;19,85008499;93,75;62,72;16,01;516,13;16,663;3719,42;0,1388
"83";"Alphitonia_neocaledonica";3;"03_5";"03_5_3";1;112;820,8;90;0,085;4,12;66,48;58,89;4,56;600,66;0,89;19,85008499;76,06;31,65;25,23;567,98;12,949;3443,88;0,1649
"84";"Alphitonia_neocaledonica";3;"03_5";"03_5_4";1;112;820,8;90;0,085;4,12;66,48;58,89;4,56;600,66;0,89;19,85008499;100,42;63,13;18,61;498,96;17,703;3688,12;0,1353
"85";"Alphitonia_neocaledonica";3;"03_5";"03_5_5";1;112;820,8;90;0,085;4,12;66,48;58,89;4,56;600,66;0,89;19,85008499;75,39;29,47;26,18;570,14;24,086;3169,21;0,1799
"86";"Alphitonia_neocaledonica";3;"03_6";"03_6_1";1,5;78;776,2;80;0,092;2,72;73,99;61,55;7,15;574,75;0,71;34,60836234;71,81;13,64;33,86;582,02;20,646;3095,35;0,188
"87";"Alphitonia_neocaledonica";3;"03_6";"03_6_2";1,5;78;776,2;80;0,092;2,72;73,99;61,55;7,15;574,75;0,71;34,60836234;76,25;12,75;36,03;567,38;26,31;3288,75;0,1725
"88";"Alphitonia_neocaledonica";3;"03_6";"03_6_3";1,5;78;776,2;80;0,092;2,72;73,99;61,55;7,15;574,75;0,71;34,60836234;82,85;23,83;32,28;546,89;17,94;3238,27;0,1689
"89";"Alphitonia_neocaledonica";3;"03_6";"03_6_4";1,5;78;776,2;80;0,092;2,72;73,99;61,55;7,15;574,75;0,71;34,60836234;92,06;56,98;18,26;520,66;21,866;3470,79;0,15
"90";"Alphitonia_neocaledonica";3;"03_6";"03_6_5";1,5;78;776,2;80;0,092;2,72;73,99;61,55;7,15;574,75;0,71;34,60836234;97,42;64,3;16,78;506,55;21,676;3501,78;0,1447
"91";"Grevillea_rubiginosa";4;"04_1";"04_1_1";2,5;32;644,8;20;0,077;1,95;78,31;58,92;10,87;560,82;0,63;80,46791821;126,84;21,05;46,64;440,84;10,298;5420;0,0813
"92";"Grevillea_rubiginosa";4;"04_1";"04_1_2";2,5;32;644,8;20;0,077;1,95;78,31;58,92;10,87;560,82;0,63;80,46791821;129,5;37,16;40,23;435,73;13,861;5310,73;0,082
"93";"Grevillea_rubiginosa";4;"04_1";"04_1_3";2,5;32;644,8;20;0,077;1,95;78,31;58,92;10,87;560,82;0,63;80,46791821;130,88;22,55;46,92;433,12;10,844;5315,69;0,0815
"94";"Grevillea_rubiginosa";4;"04_1";"04_1_4";2,5;32;644,8;20;0,077;1,95;78,31;58,92;10,87;560,82;0,63;80,46791821;128;20,5;47,15;438,6;10,907;5453,5;0,0804
"95";"Grevillea_rubiginosa";4;"04_1";"04_1_5";2,5;32;644,8;20;0,077;1,95;78,31;58,92;10,87;560,82;0,63;80,46791821;104,83;26,14;38,42;488,21;15,476;4396,59;0,111
"96";"Grevillea_rubiginosa";4;"04_2";"04_2_1";1;85;642,2;45;0,083;2,11;86,74;72,28;7,74;535,49;0,65;70,03240172;95,08;18,44;39,29;512,61;11,082;4541,8;0,1129
"97";"Grevillea_rubiginosa";4;"04_2";"04_2_2";1;85;642,2;45;0,083;2,11;86,74;72,28;7,74;535,49;0,65;70,03240172;97,05;28,41;34,83;507,49;11,47;4232,47;0,1199
"98";"Grevillea_rubiginosa";4;"04_2";"04_2_3";1;85;642,2;45;0,083;2,11;86,74;72,28;7,74;535,49;0,65;70,03240172;98,19;28,62;35,1;504,57;12,588;4560,87;0,1106
"99";"Grevillea_rubiginosa";4;"04_2";"04_2_4";1;85;642,2;45;0,083;2,11;86,74;72,28;7,74;535,49;0,65;70,03240172;80,45;12,03;37,92;554,17;9,742;3662,41;0,1513
"100";"Grevillea_rubiginosa";4;"04_2";"04_2_5";1;85;642,2;45;0,083;2,11;86,74;72,28;7,74;535,49;0,65;70,03240172;94,91;25,46;35,63;513,06;9,693;4487,5;0,1143
"101";"Grevillea_rubiginosa";4;"04_3";"04_3_1";1,5;98;845,6;95;0,102;3,43;69,7;62,78;4,08;589,29;0,88;84,65773811;87,56;9,62;41,55;533,17;16,715;3923,71;0,1359
"102";"Grevillea_rubiginosa";4;"04_3";"04_3_2";1,5;98;845,6;95;0,102;3,43;69,7;62,78;4,08;589,29;0,88;84,65773811;101,4;13,73;43,53;496,52;15,247;4270,87;0,1163
"103";"Grevillea_rubiginosa";4;"04_3";"04_3_3";1,5;98;845,6;95;0,102;3,43;69,7;62,78;4,08;589,29;0,88;84,65773811;105,17;11,25;45,78;487,41;14,486;4403,04;0,1107
"104";"Grevillea_rubiginosa";4;"04_3";"04_3_4";1,5;98;845,6;95;0,102;3,43;69,7;62,78;4,08;589,29;0,88;84,65773811;92,11;12,06;41,67;520,53;16,88;3916,47;0,1329
"105";"Grevillea_rubiginosa";4;"04_3";"04_3_5";1,5;98;845,6;95;0,102;3,43;69,7;62,78;4,08;589,29;0,88;84,65773811;89,16;8,43;42,68;528,66;13,956;4203,61;0,1258
"106";"Grevillea_rubiginosa";4;"04_4";"04_4_1";5,5;50;746,7;30;0,076;3,29;66,74;60,99;3,45;599,74;0,88;92,75083446;112,27;12,05;47,22;471,09;19;4318,18;0,1091
"107";"Grevillea_rubiginosa";4;"04_4";"04_4_2";5,5;50;746,7;30;0,076;3,29;66,74;60,99;3,45;599,74;0,88;92,75083446;108,74;22,53;41,3;479,07;17,288;3974,25;0,1205
"108";"Grevillea_rubiginosa";4;"04_4";"04_4_3";5,5;50;746,7;30;0,076;3,29;66,74;60,99;3,45;599,74;0,88;92,75083446;116,72;11,85;48,39;461,41;13,414;4673,87;0,0987
"109";"Grevillea_rubiginosa";4;"04_4";"04_4_4";5,5;50;746,7;30;0,076;3,29;66,74;60,99;3,45;599,74;0,88;92,75083446;114,21;17,57;45,11;466,83;31,722;4098,45;0,1139
"110";"Grevillea_rubiginosa";4;"04_4";"04_4_5";5,5;50;746,7;30;0,076;3,29;66,74;60,99;3,45;599,74;0,88;92,75083446;116,05;12,65;47,86;462,85;31,199;4244,76;0,109
"111";"Grevillea_rubiginosa";4;"04_5";"04_5_1";1;77;788;95;0,066;3,03;76,39;64,27;6,87;566,93;0,72;64,63856294;89,67;11,33;41,3;527,24;14,627;4875,67;0,1081
"112";"Grevillea_rubiginosa";4;"04_5";"04_5_2";1;77;788;95;0,066;3,03;76,39;64,27;6,87;566,93;0,72;64,63856294;88,94;17,05;38,05;529,27;20,501;4723,73;0,112
"113";"Grevillea_rubiginosa";4;"04_5";"04_5_3";1;77;788;95;0,066;3,03;76,39;64,27;6,87;566,93;0,72;64,63856294;91,03;24,22;34,98;523,47;10,848;4864,57;0,1076
"114";"Grevillea_rubiginosa";4;"04_5";"04_5_4";1;77;788;95;0,066;3,03;76,39;64,27;6,87;566,93;0,72;64,63856294;95,26;13,74;41,75;512,14;10,777;5107,58;0,1003
"115";"Grevillea_rubiginosa";4;"04_5";"04_5_5";1;77;788;95;0,066;3,03;76,39;64,27;6,87;566,93;0,72;64,63856294;90,2;21,83;35,95;525,76;21,149;4710,24;0,1116
"116";"Grevillea_rubiginosa";4;"04_6";"04_6_1";NA;NA;835,4;55;0,059;3,81;74,09;61,31;7,34;574,41;0,73;64,66691553;83,63;13,9;37,97;544,57;17,836;3999,1;0,1362
"117";"Grevillea_rubiginosa";4;"04_6";"04_6_2";NA;NA;835,4;55;0,059;3,81;74,09;61,31;7,34;574,41;0,73;64,66691553;81,04;4,83;42,09;552,36;11,443;4253,9;0,1298
"118";"Grevillea_rubiginosa";4;"04_6";"04_6_3";NA;NA;835,4;55;0,059;3,81;74,09;61,31;7,34;574,41;0,73;64,66691553;85,76;12,06;39,68;538,32;22,838;3825,46;0,1407
"119";"Grevillea_rubiginosa";4;"04_6";"04_6_4";NA;NA;835,4;55;0,059;3,81;74,09;61,31;7,34;574,41;0,73;64,66691553;110,48;28,61;38,9;475,1;16,755;4746,46;0,1001
"120";"Grevillea_rubiginosa";4;"04_6";"04_6_5";NA;NA;835,4;55;0,059;3,81;74,09;61,31;7,34;574,41;0,73;64,66691553;81,36;10,17;39,25;551,4;14,262;4028,81;0,1369
"121";"Codia_spatulata";5;"05_1";"05_1_1";1;59;656,9;90;0,028;7,14;91,39;78,78;6,59;522,49;0,87;44,08142776;121,81;58,78;28,42;450,83;22,205;4104,44;0,1098
"122";"Codia_spatulata";5;"05_1";"05_1_2";1;59;656,9;90;0,028;7,14;91,39;78,78;6,59;522,49;0,87;44,08142776;124,48;56,9;30,11;445,47;13,839;4772,07;0,0933
"123";"Codia_spatulata";5;"05_1";"05_1_3";1;59;656,9;90;0,028;7,14;91,39;78,78;6,59;522,49;0,87;44,08142776;109,25;14,75;45,16;477,9;16,666;4166,5;0,1147
"124";"Codia_spatulata";5;"05_1";"05_1_4";1;59;656,9;90;0,028;7,14;91,39;78,78;6,59;522,49;0,87;44,08142776;119,33;64,24;25,12;455,92;20,935;4352,39;0,1048
"125";"Codia_spatulata";5;"05_1";"05_1_5";1;59;656,9;90;0,028;7,14;91,39;78,78;6,59;522,49;0,87;44,08142776;123,34;31,23;41,24;447,74;15,945;5029,97;0,089
"126";"Codia_spatulata";5;"05_2";"05_2_1";1;34;732,6;45;0,022;6,82;95,48;81,72;7,04;511,55;0,73;16,82228944;109,52;84,13;12,12;477,27;15,664;4972,7;0,096
"127";"Codia_spatulata";5;"05_2";"05_2_2";1;34;732,6;45;0,022;6,82;95,48;81,72;7,04;511,55;0,73;16,82228944;118,32;76,79;19,02;458,04;31,171;4758,93;0,0962
"128";"Codia_spatulata";5;"05_2";"05_2_3";1;34;732,6;45;0,022;6,82;95,48;81,72;7,04;511,55;0,73;16,82228944;114,67;82,11;15,17;465,83;34,606;4453,8;0,1046
"129";"Codia_spatulata";5;"05_2";"05_2_4";1;34;732,6;45;0,022;6,82;95,48;81,72;7,04;511,55;0,73;16,82228944;118,75;69,1;22,7;457,14;15,202;5278,47;0,0866
"130";"Codia_spatulata";5;"05_2";"05_2_5";1;34;732,6;45;0,022;6,82;95,48;81,72;7,04;511,55;0,73;16,82228944;115,9;82,72;15,37;463,17;30,93;4729,36;0,0979
"131";"Codia_spatulata";5;"05_3";"05_3_1";1;72;873,2;90;0,05;5;72,21;60,37;6,88;580,68;0,69;11,59748401;108,26;88,79;9,35;480,17;16,666;4916,22;0,0977
"132";"Codia_spatulata";5;"05_3";"05_3_2";1;72;873,2;90;0,05;5;72,21;60,37;6,88;580,68;0,69;11,59748401;108,44;88,18;9,72;479,75;24,576;4610,88;0,104
"133";"Codia_spatulata";5;"05_3";"05_3_3";1;72;873,2;90;0,05;5;72,21;60,37;6,88;580,68;0,69;11,59748401;114;94,59;9,07;467,28;21,737;5340,79;0,0875
"134";"Codia_spatulata";5;"05_3";"05_3_4";1;72;873,2;90;0,05;5;72,21;60,37;6,88;580,68;0,69;11,59748401;108,33;80,25;13,48;480;15,847;4891,05;0,0981
"135";"Codia_spatulata";5;"05_3";"05_3_5";1;72;873,2;90;0,05;5;72,21;60,37;6,88;580,68;0,69;11,59748401;90,28;24,01;34,83;525,55;19,354;3840,08;0,1369
"136";"Codia_spatulata";5;"05_4";"05_4_1";1;79;798,6;35;0,044;3,41;78,12;62,05;9,02;561,42;0,57;24,61642658;106,9;46,74;29,07;483,33;12,783;4897,7;0,0987
"137";"Codia_spatulata";5;"05_4";"05_4_2";1;79;798,6;35;0,044;3,41;78,12;62,05;9,02;561,42;0,57;24,61642658;107,49;81,65;12,45;481,95;13,112;4910,86;0,0981
"138";"Codia_spatulata";5;"05_4";"05_4_3";1;79;798,6;35;0,044;3,41;78,12;62,05;9,02;561,42;0,57;24,61642658;109,77;83,39;12,58;476,71;15,313;4987,95;0,0956
"139";"Codia_spatulata";5;"05_4";"05_4_4";1;79;798,6;35;0,044;3,41;78,12;62,05;9,02;561,42;0,57;24,61642658;105,41;64,53;19,9;486,84;13,771;4652,36;0,1046
"140";"Codia_spatulata";5;"05_4";"05_4_5";1;79;798,6;35;0,044;3,41;78,12;62,05;9,02;561,42;0,57;24,61642658;111,41;76,92;16,31;473;17,621;4372,46;0,1082
"141";"Codia_spatulata";5;"05_5";"05_5_1";1;55;842;80;0,037;5,41;77,77;65,51;6,89;562,54;0,75;19,78127208;110,96;90,74;9,59;474,01;22,752;4300,95;0,1102
"142";"Codia_spatulata";5;"05_5";"05_5_2";1;55;842;80;0,037;5,41;77,77;65,51;6,89;562,54;0,75;19,78127208;111,26;90,91;9,63;473,36;11,727;5076,62;0,0932
"143";"Codia_spatulata";5;"05_5";"05_5_3";1;55;842;80;0,037;5,41;77,77;65,51;6,89;562,54;0,75;19,78127208;95,03;38,01;29,24;512,74;13,545;3960,53;0,1295
"144";"Codia_spatulata";5;"05_5";"05_5_4";1;55;842;80;0,037;5,41;77,77;65,51;6,89;562,54;0,75;19,78127208;110,12;85,43;11,75;475,92;11,697;4735,63;0,1005
"145";"Codia_spatulata";5;"05_5";"05_5_5";1;55;842;80;0,037;5,41;77,77;65,51;6,89;562,54;0,75;19,78127208;107,62;79,47;13,56;481,64;15,187;4453,67;0,1081
"146";"Codia_spatulata";5;"05_6";"05_6_1";5;86;807;30;0,157;2,39;71,54;59,47;7,04;582,96;0,82;14,02436905;117,39;90,91;12,18;460;14,228;5623,72;0,0818
"147";"Codia_spatulata";5;"05_6";"05_6_2";5;86;807;30;0,157;2,39;71,54;59,47;7,04;582,96;0,82;14,02436905;120,62;90,94;13,46;453,26;17,739;5543,44;0,0818
"148";"Codia_spatulata";5;"05_6";"05_6_3";5;86;807;30;0,157;2,39;71,54;59,47;7,04;582,96;0,82;14,02436905;117,1;92,17;11,48;460,61;18,086;5242,32;0,0879
"149";"Codia_spatulata";5;"05_6";"05_6_4";5;86;807;30;0,157;2,39;71,54;59,47;7,04;582,96;0,82;14,02436905;113,94;83,94;14,02;467,42;16,062;4867,27;0,096
"150";"Codia_spatulata";5;"05_6";"05_6_5";5;86;807;30;0,157;2,39;71,54;59,47;7,04;582,96;0,82;14,02436905;93,55;30,11;32,78;516,67;18,553;3989,89;0,1295
"151";"Geissois_pruinosa";6;"06_1";"06_1_1";2,5;150;778,4;95;0,014;12,5;88,36;76,08;6,52;530,89;0,81;36,79850988;174,55;121,97;19,15;364,24;36,356;5508,48;0,0661
"152";"Geissois_pruinosa";6;"06_1";"06_1_2";2,5;150;778,4;95;0,014;12,5;88,36;76,08;6,52;530,89;0,81;36,79850988;127,87;74,96;23,22;438,85;28,951;4314,61;0,1017
"153";"Geissois_pruinosa";6;"06_1";"06_1_3";2,5;150;778,4;95;0,014;12,5;88,36;76,08;6,52;530,89;0,81;36,79850988;164,72;95,69;26,08;377,76;44,797;4594,56;0,0822
"154";"Geissois_pruinosa";6;"06_1";"06_1_4";2,5;150;778,4;95;0,014;12,5;88,36;76,08;6,52;530,89;0,81;36,79850988;171,3;127,65;16,09;368,59;29,442;5120,35;0,072
"155";"Geissois_pruinosa";6;"06_1";"06_1_5";2,5;150;778,4;95;0,014;12,5;88,36;76,08;6,52;530,89;0,81;36,79850988;164,43;111,65;19,96;378,17;41,75;5284,81;0,0716
"156";"Geissois_pruinosa";6;"06_2";"06_2_1";2;62;731,9;30;0,055;5,91;98,64;88,98;4,86;503,43;0,89;15,83667533;182,23;133,8;17,16;354,32;22,186;7730,31;0,0458
"157";"Geissois_pruinosa";6;"06_2";"06_2_2";2;62;731,9;30;0,055;5,91;98,64;88,98;4,86;503,43;0,89;15,83667533;179,84;138,71;14,7;357,35;28,437;7644,35;0,0467
"158";"Geissois_pruinosa";6;"06_2";"06_2_3";2;62;731,9;30;0,055;5,91;98,64;88,98;4,86;503,43;0,89;15,83667533;181,05;139,3;14,86;355,81;22,291;7821,4;0,0455
"159";"Geissois_pruinosa";6;"06_2";"06_2_4";2;62;731,9;30;0,055;5,91;98,64;88,98;4,86;503,43;0,89;15,83667533;178,88;109,63;24,83;358,58;27,316;7303,74;0,0491
"160";"Geissois_pruinosa";6;"06_2";"06_2_5";2;62;731,9;30;0,055;5,91;98,64;88,98;4,86;503,43;0,89;15,83667533;184,03;127,75;19,82;352,07;28,399;7434,29;0,0474
"161";"Geissois_pruinosa";6;"06_3";"06_3_1";1,5;52;773,5;50;0,014;8,93;92,09;77,97;7,35;520,6;0,63;15,89184038;168,3;137,91;11,33;372,72;42,42;6931,37;0,0538
"162";"Geissois_pruinosa";6;"06_3";"06_3_2";1,5;52;773,5;50;0,014;8,93;92,09;77,97;7,35;520,6;0,63;15,89184038;119,85;59,47;27,47;454,85;55,056;5037,15;0,0903
"163";"Geissois_pruinosa";6;"06_3";"06_3_3";1,5;52;773,5;50;0,014;8,93;92,09;77,97;7,35;520,6;0,63;15,89184038;122,88;77,69;20,28;448,67;47,03;5381,01;0,0834
"164";"Geissois_pruinosa";6;"06_3";"06_3_4";1,5;52;773,5;50;0,014;8,93;92,09;77,97;7,35;520,6;0,63;15,89184038;166,09;132,05;12,79;375,81;49,897;6608,87;0,0569
"165";"Geissois_pruinosa";6;"06_3";"06_3_5";1,5;52;773,5;50;0,014;8,93;92,09;77,97;7,35;520,6;0,63;15,89184038;166,77;128,59;14,31;374,86;43,169;6672,18;0,0562
"166";"Geissois_pruinosa";6;"06_4";"06_4_1";1,5;50;845,8;85;0,021;7,14;92,68;83,31;4,87;518,99;0,86;20,87331118;137,01;45,04;38,8;421,93;32,419;5105,35;0,0826
"167";"Geissois_pruinosa";6;"06_4";"06_4_2";1,5;50;845,8;85;0,021;7,14;92,68;83,31;4,87;518,99;0,86;20,87331118;140,61;67,63;30,33;415,62;38,106;5506,65;0,0755
"168";"Geissois_pruinosa";6;"06_4";"06_4_3";1,5;50;845,8;85;0,021;7,14;92,68;83,31;4,87;518,99;0,86;20,87331118;134,59;54,1;34,31;426,27;39,746;5168,53;0,0825
"169";"Geissois_pruinosa";6;"06_4";"06_4_4";1,5;50;845,8;85;0,021;7,14;92,68;83,31;4,87;518,99;0,86;20,87331118;132,74;55,33;33,26;429,66;40,73;5168,78;0,0831
"170";"Geissois_pruinosa";6;"06_4";"06_4_5";1,5;50;845,8;85;0,021;7,14;92,68;83,31;4,87;518,99;0,86;20,87331118;139,83;67,8;30,04;416,96;30,908;5238,64;0,0796
"171";"Geissois_pruinosa";6;"06_5";"06_5_1";1,5;88;814,2;70;0,012;14,58;96,89;81,43;7,85;507,89;0,63;16,91584804;120,44;60,44;27,22;453,63;32,602;4829,93;0,0939
"172";"Geissois_pruinosa";6;"06_5";"06_5_2";1,5;88;814,2;70;0,012;14,58;96,89;81,43;7,85;507,89;0,63;16,91584804;121,92;60,79;27,55;450,62;27,897;4776,88;0,0943
"173";"Geissois_pruinosa";6;"06_5";"06_5_3";1,5;88;814,2;70;0,012;14,58;96,89;81,43;7,85;507,89;0,63;16,91584804;121,9;71,31;22,8;450,65;28,031;4759,08;0,0947
"174";"Geissois_pruinosa";6;"06_5";"06_5_4";1,5;88;814,2;70;0,012;14,58;96,89;81,43;7,85;507,89;0,63;16,91584804;126,75;78,97;21,07;441,01;27,494;5072,69;0,0869
"175";"Geissois_pruinosa";6;"06_5";"06_5_5";1,5;88;814,2;70;0,012;14,58;96,89;81,43;7,85;507,89;0,63;16,91584804;129;77,19;22,63;436,69;24,386;5199,57;0,084
"176";"Geissois_pruinosa";6;"06_6";"06_6_1";1,5;48;794,2;85;0,019;7,89;99,58;85,37;7,12;501,04;0,77;31,18693198;194,3;142,38;17,64;339,78;39,886;6681,07;0,0509
"177";"Geissois_pruinosa";6;"06_6";"06_6_2";1,5;48;794,2;85;0,019;7,89;99,58;85,37;7,12;501,04;0,77;31,18693198;180,36;137,82;15,18;356,68;30,826;5604,73;0,0636
"178";"Geissois_pruinosa";6;"06_6";"06_6_3";1,5;48;794,2;85;0,019;7,89;99,58;85,37;7,12;501,04;0,77;31,18693198;189,68;137,47;18,02;345,21;50,583;6214,13;0,0556
"179";"Geissois_pruinosa";6;"06_6";"06_6_4";1,5;48;794,2;85;0,019;7,89;99,58;85,37;7,12;501,04;0,77;31,18693198;232,1;145,41;26,1;301,12;33,476;7309,17;0,0412
"180";"Geissois_pruinosa";6;"06_6";"06_6_5";1,5;48;794,2;85;0,019;7,89;99,58;85,37;7,12;501,04;0,77;31,18693198;194,47;151,76;14,51;339,59;38,598;6465,33;0,0525
"181";"Araucaria_columnaris";7;"07_1";"07_1_1";2;29;382,7;5;0,022;29,55;87,32;75,48;6,32;533,85;0,9;2,146077522;108,36;102,37;2,88;479,94;19,86240539;3132,87;0,1532
"182";"Araucaria_columnaris";7;"07_1";"07_1_2";2;29;382,7;5;0,022;29,55;87,32;75,48;6,32;533,85;0,9;2,146077522;114,14;98,56;7,28;466,98;24,57605101;3546,33;0,1317
"183";"Araucaria_columnaris";7;"07_1";"07_1_3";2;29;382,7;5;0,022;29,55;87,32;75,48;6,32;533,85;0,9;2,146077522;104,29;101,14;1,54;489,51;23,29192501;3327,42;0,1471
"184";"Araucaria_columnaris";7;"07_1";"07_1_4";2;29;382,7;5;0,022;29,55;87,32;75,48;6,32;533,85;0,9;2,146077522;104,86;96,67;4;488,15;309,2175401;29449,29;0,0166
"185";"Araucaria_columnaris";7;"07_1";"07_1_5";2;29;382,7;5;0,022;29,55;87,32;75,48;6,32;533,85;0,9;2,146077522;109,32;101,43;3,77;477,74;20,12425714;3606,5;0,1325
"186";"Araucaria_columnaris";7;"07_2";"07_2_1";1,5;202;864;70;0,012;39,58;99,22;80,06;9,62;501,95;0,74;4,508216452;106,4;95,21;5,42;484,49;41,02378081;2886,97;0,1678
"187";"Araucaria_columnaris";7;"07_2";"07_2_2";1,5;202;864;70;0,012;39,58;99,22;80,06;9,62;501,95;0,74;4,508216452;123,61;112,08;5,16;447,2;37,31952891;3338,06;0,134
"188";"Araucaria_columnaris";7;"07_2";"07_2_3";1,5;202;864;70;0,012;39,58;99,22;80,06;9,62;501,95;0,74;4,508216452;108,13;97,5;5,11;480,46;34,57699706;3195,66;0,1503
"189";"Araucaria_columnaris";7;"07_2";"07_2_4";1,5;202;864;70;0,012;39,58;99,22;80,06;9,62;501,95;0,74;4,508216452;114,25;102,06;5,69;466,75;35,94767394;3085,64;0,1513
"190";"Araucaria_columnaris";7;"07_2";"07_2_5";1,5;202;864;70;0,012;39,58;99,22;80,06;9,62;501,95;0,74;4,508216452;106,12;92,36;6,68;485,17;36,93444819;3321,44;0,1461
"191";"Araucaria_columnaris";7;"07_3";"07_3_1";2;17;180;0;0,032;21,09;71,25;63,21;4,7;583,93;0,91;5,200070815;116,86;110,12;3,11;461,13;30,64584364;3229,28;0,1428
"192";"Araucaria_columnaris";7;"07_3";"07_3_2";2;17;180;0;0,032;21,09;71,25;63,21;4,7;583,93;0,91;5,200070815;120,52;111,93;3,9;453,46;36,89800572;3336,17;0,1359
"193";"Araucaria_columnaris";7;"07_3";"07_3_3";2;17;180;0;0,032;21,09;71,25;63,21;4,7;583,93;0,91;5,200070815;119,24;112,21;3,21;456,12;33,29224275;3835,51;0,1189
"194";"Araucaria_columnaris";7;"07_3";"07_3_4";2;17;180;0;0,032;21,09;71,25;63,21;4,7;583,93;0,91;5,200070815;112,1;105,58;3,07;471,48;38,20192375;3231,97;0,1459
"195";"Araucaria_columnaris";7;"07_3";"07_3_5";2;17;180;0;0,032;21,09;71,25;63,21;4,7;583,93;0,91;5,200070815;112,62;103,3;4,38;470,32;36,65963737;3559,19;0,1321
"196";"Araucaria_columnaris";7;"07_4";"07_4_1";10;0;150;0;0,027;25;69,05;64,67;2,59;591,54;0,91;2,733252495;142,7;127,08;6,43;412,04;41,11959938;5178,79;0,0796
"197";"Araucaria_columnaris";7;"07_4";"07_4_2";10;0;150;0;0,027;25;69,05;64,67;2,59;591,54;0,91;2,733252495;138,36;123,28;6,33;419,53;49,30666838;4536,03;0,0925
"198";"Araucaria_columnaris";7;"07_4";"07_4_3";10;0;150;0;0,027;25;69,05;64,67;2,59;591,54;0,91;2,733252495;133,99;119,04;6,39;427,36;41,34893565;5111,12;0,0836
"199";"Araucaria_columnaris";7;"07_4";"07_4_4";10;0;150;0;0,027;25;69,05;64,67;2,59;591,54;0,91;2,733252495;138,87;121,13;7,42;418,65;36,80705661;5220,86;0,0802
"200";"Araucaria_columnaris";7;"07_4";"07_4_5";10;0;150;0;0,027;25;69,05;64,67;2,59;591,54;0,91;2,733252495;136,62;123,07;5,73;422,61;37,92884081;4509,97;0,0937
"201";"Araucaria_columnaris";7;"07_5";"07_5_1";1,5;252;586,5;50;0,029;12,07;66,45;56,57;5,94;600,78;0,78;1,809490747;102,96;97,75;2,56;492,72;28,90500861;3416,67;0,1442
"202";"Araucaria_columnaris";7;"07_5";"07_5_2";1,5;252;586,5;50;0,029;12,07;66,45;56,57;5,94;600,78;0,78;1,809490747;110,03;104,95;2,42;476,13;26,50326102;3543,22;0,1344
"203";"Araucaria_columnaris";7;"07_5";"07_5_3";1,5;252;586,5;50;0,029;12,07;66,45;56,57;5,94;600,78;0,78;1,809490747;107,45;101,96;2,65;482,04;22,04612645;4322,77;0,1115
"204";"Araucaria_columnaris";7;"07_5";"07_5_4";1,5;252;586,5;50;0,029;12,07;66,45;56,57;5,94;600,78;0,78;1,809490747;113,68;107,13;3,07;467,99;20,8256177;4012,64;0,1166
"205";"Araucaria_columnaris";7;"07_5";"07_5_5";1,5;252;586,5;50;0,029;12,07;66,45;56,57;5,94;600,78;0,78;1,809490747;113,72;107,07;3,11;467,9;20,23861111;4207,61;0,1112
"206";"Araucaria_columnaris";7;"07_6";"07_6_1";1,5;122;528;15;0,024;28,12;88,92;71,37;9,29;529,32;0,83;3,048835858;127,68;121,35;2,78;439,22;38,81806861;2790,66;0,1574
"207";"Araucaria_columnaris";7;"07_6";"07_6_2";1,5;122;528;15;0,024;28,12;88,92;71,37;9,29;529,32;0,83;3,048835858;119,06;114,37;2,14;456,49;48,14294392;2823,63;0,1617
"208";"Araucaria_columnaris";7;"07_6";"07_6_3";1,5;122;528;15;0,024;28,12;88,92;71,37;9,29;529,32;0,83;3,048835858;116,46;110,08;2,95;461,99;36,95926677;3103,21;0,1489
"209";"Araucaria_columnaris";7;"07_6";"07_6_4";1,5;122;528;15;0,024;28,12;88,92;71,37;9,29;529,32;0,83;3,048835858;46,33;42,93;2,33;683,39;38,68792813;2057,87;0,3321
"210";"Araucaria_columnaris";7;"07_6";"07_6_5";1,5;122;528;15;0,024;28,12;88,92;71,37;9,29;529,32;0,83;3,048835858;112,36;106,84;2,6;470,9;47,67052693;3020,95;0,1559
"211";"Casuarina_collina";8;"08_1";"08_1_1";0,1;47;771,9;95;0,077;2,27;60,13;47,29;8,01;624,51;0,62;7,894490551;96,43;33,93;31,82;509,09;18,59822851;33211,12;0,0153
"212";"Casuarina_collina";8;"08_1";"08_1_2";0,1;47;771,9;95;0,077;2,27;60,13;47,29;8,01;624,51;0,62;7,894490551;88,89;15,87;38,66;529,41;4,849833659;7698,15;0,0688
"213";"Casuarina_collina";8;"08_1";"08_1_3";0,1;47;771,9;95;0,077;2,27;60,13;47,29;8,01;624,51;0,62;7,894490551;102,5;37,5;32,1;493,83;3,894632413;9736,58;0,0507
"214";"Casuarina_collina";8;"08_1";"08_1_4";0,1;47;771,9;95;0,077;2,27;60,13;47,29;8,01;624,51;0,62;7,894490551;137,04;44,44;39,06;421,88;5,013039397;9283,41;0,0454
"215";"Casuarina_collina";8;"08_1";"08_1_5";0,1;47;771,9;95;0,077;2,27;60,13;47,29;8,01;624,51;0,62;7,894490551;86,67;16,67;37,5;535,71;3,146619202;10488,73;0,0511
"216";"Casuarina_collina";8;"08_2";"08_2_1";0;-16;739;95;0,012;8,33;68,39;47,25;12,55;593,87;0,4;8,98374359;112,7;20,63;43,28;470,15;5,82451278;9245,26;0,0509
"217";"Casuarina_collina";8;"08_2";"08_2_2";0;-16;739;95;0,012;8,33;68,39;47,25;12,55;593,87;0,4;8,98374359;109,2;12,64;46,15;478,02;7,596371036;8731,46;0,0547
"218";"Casuarina_collina";8;"08_2";"08_2_3";0;-16;739;95;0,012;8,33;68,39;47,25;12,55;593,87;0,4;8,98374359;115;20;44,19;465,12;5,575698642;9292,83;0,0501
"219";"Casuarina_collina";8;"08_2";"08_2_4";0;-16;739;95;0,012;8,33;68,39;47,25;12,55;593,87;0,4;8,98374359;110,61;22,73;41,73;474,82;6,042932009;9155,96;0,0519
"220";"Casuarina_collina";8;"08_2";"08_2_5";0;-16;739;95;0,012;8,33;68,39;47,25;12,55;593,87;0,4;8,98374359;118,75;25;42,86;457,14;4,569132355;9519,03;0,048
"221";"Casuarina_collina";8;"08_3";"08_3_1";0,1;89;752,3;95;0,025;7;72,52;61,43;6,43;579,65;1,38;6,03411002;93,75;10,94;42,74;516,13;4,958611305;7747,83;0,0666
"222";"Casuarina_collina";8;"08_3";"08_3_2";0,1;89;752,3;95;0,025;7;72,52;61,43;6,43;579,65;1,38;6,03411002;98,28;12,07;43,48;504,35;4,260942116;7346,45;0,0687
"223";"Casuarina_collina";8;"08_3";"08_3_3";0,1;89;752,3;95;0,025;7;72,52;61,43;6,43;579,65;1,38;6,03411002;98,48;10,61;44,27;503,82;4,711210883;7138,2;0,0706
"224";"Casuarina_collina";8;"08_3";"08_3_4";0,1;89;752,3;95;0,025;7;72,52;61,43;6,43;579,65;1,38;6,03411002;100;12,5;43,75;500;5,290599108;8266,56;0,0605
"225";"Casuarina_collina";8;"08_3";"08_3_5";0,1;89;752,3;95;0,025;7;72,52;61,43;6,43;579,65;1,38;6,03411002;94,37;12,68;42,03;514,49;5,623765009;7920,8;0,065
"226";"Arillastrum_gummiferum ";9;"09_1";"09_1_1";1;50;798;60;0,077;3,25;NA;NA;9,66;NA;0,76;11,70754659;NA;NA;16,64;NA;31,976;NA;NA
"227";"Arillastrum_gummiferum ";9;"09_1";"09_1_2";1;50;798;60;0,077;3,25;NA;NA;9,66;NA;0,76;11,70754659;NA;NA;23,39;NA;65,95;NA;NA
"228";"Arillastrum_gummiferum ";9;"09_1";"09_1_3";1;50;798;60;0,077;3,25;NA;NA;9,66;NA;0,76;11,70754659;NA;NA;22,99;NA;66,883;NA;NA
"229";"Arillastrum_gummiferum ";9;"09_1";"09_1_4";1;50;798;60;0,077;3,25;NA;NA;9,66;NA;0,76;11,70754659;NA;NA;24,89;NA;64,396;NA;NA
"230";"Arillastrum_gummiferum ";9;"09_1";"09_1_5";1;50;798;60;0,077;3,25;NA;NA;9,66;NA;0,76;11,70754659;NA;NA;19,66;NA;49,976;NA;NA
"231";"Arillastrum_gummiferum ";9;"09_2";"09_2_1";0,5;32;788;60;0,051;5,39;NA;NA;4,53;NA;1,24;8,456437694;NA;NA;17,71;NA;48,078;NA;NA
"232";"Arillastrum_gummiferum ";9;"09_2";"09_2_2";0,5;32;788;60;0,051;5,39;NA;NA;4,53;NA;1,24;8,456437694;NA;NA;25,32;NA;46,132;NA;NA
"233";"Arillastrum_gummiferum ";9;"09_2";"09_2_3";0,5;32;788;60;0,051;5,39;NA;NA;4,53;NA;1,24;8,456437694;NA;NA;15,39;NA;88,484;NA;NA
"234";"Arillastrum_gummiferum ";9;"09_2";"09_2_4";0,5;32;788;60;0,051;5,39;NA;NA;4,53;NA;1,24;8,456437694;NA;NA;17,16;NA;55,51;NA;NA
"235";"Arillastrum_gummiferum ";9;"09_2";"09_2_5";0,5;32;788;60;0,051;5,39;NA;NA;4,53;NA;1,24;8,456437694;NA;NA;18,7;NA;70,177;NA;NA
"236";"Arillastrum_gummiferum ";9;"09_3";"09_3_1";1;22;830;35;0,056;6,7;NA;NA;5,66;NA;1,03;3,16188078;NA;NA;12,92;NA;64,722;NA;NA
"237";"Arillastrum_gummiferum ";9;"09_3";"09_3_2";1;22;830;35;0,056;6,7;NA;NA;5,66;NA;1,03;3,16188078;NA;NA;13,69;NA;54,146;NA;NA
"238";"Arillastrum_gummiferum ";9;"09_3";"09_3_3";1;22;830;35;0,056;6,7;NA;NA;5,66;NA;1,03;3,16188078;NA;NA;12,93;NA;50,343;NA;NA
"239";"Arillastrum_gummiferum ";9;"09_3";"09_3_4";1;22;830;35;0,056;6,7;NA;NA;5,66;NA;1,03;3,16188078;NA;NA;13,11;NA;46,758;NA;NA
"240";"Arillastrum_gummiferum ";9;"09_3";"09_3_5";1;22;830;35;0,056;6,7;NA;NA;5,66;NA;1,03;3,16188078;NA;NA;12,92;NA;64,673;NA;NA
"241";"Arillastrum_gummiferum ";9;"09_4";"09_4_1";1;53;859;70;0,035;8,57;NA;NA;6,01;NA;0,89;3,774010658;NA;NA;18,08;NA;83,902;NA;NA
"242";"Arillastrum_gummiferum ";9;"09_4";"09_4_2";1;53;859;70;0,035;8,57;NA;NA;6,01;NA;0,89;3,774010658;NA;NA;14,38;NA;76,784;NA;NA
"243";"Arillastrum_gummiferum ";9;"09_4";"09_4_3";1;53;859;70;0,035;8,57;NA;NA;6,01;NA;0,89;3,774010658;NA;NA;17,7;NA;57,914;NA;NA
"244";"Arillastrum_gummiferum ";9;"09_4";"09_4_4";1;53;859;70;0,035;8,57;NA;NA;6,01;NA;0,89;3,774010658;NA;NA;22,83;NA;59,032;NA;NA
"245";"Arillastrum_gummiferum ";9;"09_4";"09_4_5";1;53;859;70;0,035;8,57;NA;NA;6,01;NA;0,89;3,774010658;NA;NA;13,4;NA;63,33;NA;NA
"246";"Arillastrum_gummiferum ";9;"09_5";"09_5_1";2,5;18;620;10;0,028;7,14;NA;NA;7,65;NA;0,74;8,355439602;NA;NA;15,95;NA;50,236;NA;NA
"247";"Arillastrum_gummiferum ";9;"09_5";"09_5_2";2,5;18;620;10;0,028;7,14;NA;NA;7,65;NA;0,74;8,355439602;NA;NA;15,08;NA;49,558;NA;NA
"248";"Arillastrum_gummiferum ";9;"09_5";"09_5_3";2,5;18;620;10;0,028;7,14;NA;NA;7,65;NA;0,74;8,355439602;NA;NA;14,32;NA;50,1;NA;NA
"249";"Arillastrum_gummiferum ";9;"09_5";"09_5_4";2,5;18;620;10;0,028;7,14;NA;NA;7,65;NA;0,74;8,355439602;NA;NA;17;NA;58,537;NA;NA
"250";"Arillastrum_gummiferum ";9;"09_5";"09_5_5";2,5;18;620;10;0,028;7,14;NA;NA;7,65;NA;0,74;8,355439602;NA;NA;13,31;NA;27,084;NA;NA
"251";"Arillastrum_gummiferum ";9;"09_6";"09_6_1";1;23;609;20;0,061;4,92;NA;NA;5,68;NA;0,8;4,713699649;NA;NA;9,02;NA;41,986;NA;NA
"252";"Arillastrum_gummiferum ";9;"09_6";"09_6_2";1;23;609;20;0,061;4,92;NA;NA;5,68;NA;0,8;4,713699649;NA;NA;12,86;NA;59,806;NA;NA
"253";"Arillastrum_gummiferum ";9;"09_6";"09_6_3";1;23;609;20;0,061;4,92;NA;NA;5,68;NA;0,8;4,713699649;NA;NA;17,57;NA;49,68;NA;NA
"254";"Arillastrum_gummiferum ";9;"09_6";"09_6_4";1;23;609;20;0,061;4,92;NA;NA;5,68;NA;0,8;4,713699649;NA;NA;16,99;NA;87,274;NA;NA
"255";"Arillastrum_gummiferum ";9;"09_6";"09_6_5";1;23;609;20;0,061;4,92;NA;NA;5,68;NA;0,8;4,713699649;NA;NA;19,19;NA;44,775;NA;NA
"256";"Hibbertia_lucens";10;"10_1";"10_1_1";1,5;42;826;80;0,038;7,24;NA;NA;9,54;NA;0,96;22,93004887;NA;NA;50,67;NA;16,237;NA;NA
"257";"Hibbertia_lucens";10;"10_1";"10_1_2";1,5;42;826;80;0,038;7,24;NA;NA;9,54;NA;0,96;22,93004887;NA;NA;16,41;NA;7,917;NA;NA
"258";"Hibbertia_lucens";10;"10_1";"10_1_3";1,5;42;826;80;0,038;7,24;NA;NA;9,54;NA;0,96;22,93004887;NA;NA;32,27;NA;7,019;NA;NA
"259";"Hibbertia_lucens";10;"10_1";"10_1_4";1,5;42;826;80;0,038;7,24;NA;NA;9,54;NA;0,96;22,93004887;NA;NA;22,04;NA;7,875;NA;NA
"260";"Hibbertia_lucens";10;"10_1";"10_1_5";1,5;42;826;80;0,038;7,24;NA;NA;9,54;NA;0,96;22,93004887;NA;NA;10,29;NA;7,774;NA;NA
"261";"Hibbertia_lucens";10;"10_2";"10_2_1";1;35;818;80;0,065;3,85;NA;NA;10,73;NA;0,97;52,629072;NA;NA;52,94;NA;7,315;NA;NA
"262";"Hibbertia_lucens";10;"10_2";"10_2_2";1;35;818;80;0,065;3,85;NA;NA;10,73;NA;0,97;52,629072;NA;NA;45,25;NA;5,997;NA;NA
"263";"Hibbertia_lucens";10;"10_2";"10_2_3";1;35;818;80;0,065;3,85;NA;NA;10,73;NA;0,97;52,629072;NA;NA;32,71;NA;6,198;NA;NA
"264";"Hibbertia_lucens";10;"10_2";"10_2_4";1;35;818;80;0,065;3,85;NA;NA;10,73;NA;0,97;52,629072;NA;NA;48,32;NA;6,136;NA;NA
"265";"Hibbertia_lucens";10;"10_2";"10_2_5";1;35;818;80;0,065;3,85;NA;NA;10,73;NA;0,97;52,629072;NA;NA;47,49;NA;4,958;NA;NA
"266";"Hibbertia_lucens";10;"10_3";"10_3_1";1;40;766;50;0,05;3,5;NA;NA;12,87;NA;0,88;48,5945215;NA;NA;35,75;NA;8,814;NA;NA
"267";"Hibbertia_lucens";10;"10_3";"10_3_2";1;40;766;50;0,05;3,5;NA;NA;12,87;NA;0,88;48,5945215;NA;NA;57,42;NA;8,57;NA;NA
"268";"Hibbertia_lucens";10;"10_3";"10_3_3";1;40;766;50;0,05;3,5;NA;NA;12,87;NA;0,88;48,5945215;NA;NA;57,62;NA;8,622;NA;NA
"269";"Hibbertia_lucens";10;"10_3";"10_3_4";1;40;766;50;0,05;3,5;NA;NA;12,87;NA;0,88;48,5945215;NA;NA;39,04;NA;8,553;NA;NA
"270";"Hibbertia_lucens";10;"10_3";"10_3_5";1;40;766;50;0,05;3,5;NA;NA;12,87;NA;0,88;48,5945215;NA;NA;42,63;NA;9,003;NA;NA
"271";"Hibbertia_lucens";10;"10_4";"10_4_1";1;58;840;45;0,054;4,63;NA;NA;7,65;NA;0,93;31,14356624;NA;NA;54,39;NA;5,575;NA;NA
"272";"Hibbertia_lucens";10;"10_4";"10_4_2";1;58;840;45;0,054;4,63;NA;NA;7,65;NA;0,93;31,14356624;NA;NA;54,91;NA;8,071;NA;NA
"273";"Hibbertia_lucens";10;"10_4";"10_4_3";1;58;840;45;0,054;4,63;NA;NA;7,65;NA;0,93;31,14356624;NA;NA;56,99;NA;9,148;NA;NA
"274";"Hibbertia_lucens";10;"10_4";"10_4_4";1;58;840;45;0,054;4,63;NA;NA;7,65;NA;0,93;31,14356624;NA;NA;52,94;NA;7,602;NA;NA
"275";"Hibbertia_lucens";10;"10_4";"10_4_5";1;58;840;45;0,054;4,63;NA;NA;7,65;NA;0,93;31,14356624;NA;NA;54,09;NA;7,638;NA;NA
"276";"Hibbertia_lucens";10;"10_5";"10_5_1";0,5;38;803;40;0,031;4,84;NA;NA;9,79;NA;0,94;41,28137379;NA;NA;35,42;NA;12,707;NA;NA
"277";"Hibbertia_lucens";10;"10_5";"10_5_2";0,5;38;803;40;0,031;4,84;NA;NA;9,79;NA;0,94;41,28137379;NA;NA;46,82;NA;10,066;NA;NA
"278";"Hibbertia_lucens";10;"10_5";"10_5_3";0,5;38;803;40;0,031;4,84;NA;NA;9,79;NA;0,94;41,28137379;NA;NA;59,19;NA;12,52;NA;NA
"279";"Hibbertia_lucens";10;"10_5";"10_5_4";0,5;38;803;40;0,031;4,84;NA;NA;9,79;NA;0,94;41,28137379;NA;NA;28,4;NA;12,358;NA;NA
"280";"Hibbertia_lucens";10;"10_5";"10_5_5";0,5;38;803;40;0,031;4,84;NA;NA;9,79;NA;0,94;41,28137379;NA;NA;34,35;NA;11,407;NA;NA
"281";"Hibbertia_lucens";10;"10_6";"10_6_1";NA;NA;726;60;0,058;4,31;NA;NA;7,31;NA;1,42;37,54732744;NA;NA;50,46;NA;9,878;NA;NA
"282";"Hibbertia_lucens";10;"10_6";"10_6_2";NA;NA;726;60;0,058;4,31;NA;NA;7,31;NA;1,42;37,54732744;NA;NA;31,69;NA;10,371;NA;NA
"283";"Hibbertia_lucens";10;"10_6";"10_6_3";NA;NA;726;60;0,058;4,31;NA;NA;7,31;NA;1,42;37,54732744;NA;NA;13,2;NA;10,435;NA;NA
"284";"Hibbertia_lucens";10;"10_6";"10_6_4";NA;NA;726;60;0,058;4,31;NA;NA;7,31;NA;1,42;37,54732744;NA;NA;53,65;NA;8,938;NA;NA
"285";"Hibbertia_lucens";10;"10_6";"10_6_5";NA;NA;726;60;0,058;4,31;NA;NA;7,31;NA;1,42;37,54732744;NA;NA;51,13;NA;6,478;NA;NA
"286";"Metrosideros_laurifolia";11;"11_1";"11_1_1";1,5;108;809;40;0,107;7,01;NA;NA;5,91;NA;1,11;13,00478683;NA;NA;7,72;NA;27,314;NA;NA
"287";"Metrosideros_laurifolia";11;"11_1";"11_1_2";1,5;108;809;40;0,107;7,01;NA;NA;5,91;NA;1,11;13,00478683;NA;NA;7,75;NA;37,557;NA;NA
"288";"Metrosideros_laurifolia";11;"11_1";"11_1_3";1,5;108;809;40;0,107;7,01;NA;NA;5,91;NA;1,11;13,00478683;NA;NA;8,92;NA;36,135;NA;NA
"289";"Metrosideros_laurifolia";11;"11_1";"11_1_4";1,5;108;809;40;0,107;7,01;NA;NA;5,91;NA;1,11;13,00478683;NA;NA;7,43;NA;39,569;NA;NA
"290";"Metrosideros_laurifolia";11;"11_1";"11_1_5";1,5;108;809;40;0,107;7,01;NA;NA;5,91;NA;1,11;13,00478683;NA;NA;7,4;NA;34,121;NA;NA
"291";"Metrosideros_laurifolia";11;"11_2";"11_2_1";2;17;500;5;0,088;4,26;NA;NA;6,73;NA;1,06;17,35182283;NA;NA;21,57;NA;43,371;NA;NA
"292";"Metrosideros_laurifolia";11;"11_2";"11_2_2";2;17;500;5;0,088;4,26;NA;NA;6,73;NA;1,06;17,35182283;NA;NA;14,58;NA;45,066;NA;NA
"293";"Metrosideros_laurifolia";11;"11_2";"11_2_3";2;17;500;5;0,088;4,26;NA;NA;6,73;NA;1,06;17,35182283;NA;NA;19,41;NA;33,882;NA;NA
"294";"Metrosideros_laurifolia";11;"11_2";"11_2_4";2;17;500;5;0,088;4,26;NA;NA;6,73;NA;1,06;17,35182283;NA;NA;18,04;NA;42,313;NA;NA
"295";"Metrosideros_laurifolia";11;"11_2";"11_2_5";2;17;500;5;0,088;4,26;NA;NA;6,73;NA;1,06;17,35182283;NA;NA;13,37;NA;43,365;NA;NA
"296";"Metrosideros_laurifolia";11;"11_3";"11_3_1";1,5;132;845;75;0,085;6,47;NA;NA;6,75;NA;1,03;15,07469735;NA;NA;12,54;NA;60,344;NA;NA
"297";"Metrosideros_laurifolia";11;"11_3";"11_3_2";1,5;132;845;75;0,085;6,47;NA;NA;6,75;NA;1,03;15,07469735;NA;NA;21,15;NA;65,485;NA;NA
"298";"Metrosideros_laurifolia";11;"11_3";"11_3_3";1,5;132;845;75;0,085;6,47;NA;NA;6,75;NA;1,03;15,07469735;NA;NA;15,38;NA;51,977;NA;NA
"299";"Metrosideros_laurifolia";11;"11_3";"11_3_4";1,5;132;845;75;0,085;6,47;NA;NA;6,75;NA;1,03;15,07469735;NA;NA;28,25;NA;38,55;NA;NA
"300";"Metrosideros_laurifolia";11;"11_3";"11_3_5";1,5;132;845;75;0,085;6,47;NA;NA;6,75;NA;1,03;15,07469735;NA;NA;15,47;NA;34,792;NA;NA
"301";"Metrosideros_laurifolia";11;"11_4";"11_4_1";2;23;630;5;0,156;5,29;NA;NA;6,25;NA;1,03;7,737110806;NA;NA;5,58;NA;47,276;NA;NA
"302";"Metrosideros_laurifolia";11;"11_4";"11_4_2";2;23;630;5;0,156;5,29;NA;NA;6,25;NA;1,03;7,737110806;NA;NA;6,12;NA;52,724;NA;NA
"303";"Metrosideros_laurifolia";11;"11_4";"11_4_3";2;23;630;5;0,156;5,29;NA;NA;6,25;NA;1,03;7,737110806;NA;NA;5,41;NA;48,672;NA;NA
"304";"Metrosideros_laurifolia";11;"11_4";"11_4_4";2;23;630;5;0,156;5,29;NA;NA;6,25;NA;1,03;7,737110806;NA;NA;6,88;NA;38,31;NA;NA
"305";"Metrosideros_laurifolia";11;"11_4";"11_4_5";2;23;630;5;0,156;5,29;NA;NA;6,25;NA;1,03;7,737110806;NA;NA;6,87;NA;42,237;NA;NA
"306";"Metrosideros_laurifolia";11;"11_5";"11_5_1";1;43;824;30;0,037;8,11;NA;NA;8,82;NA;0,87;20,62450215;NA;NA;19,81;NA;101,343;NA;NA
"307";"Metrosideros_laurifolia";11;"11_5";"11_5_2";1;43;824;30;0,037;8,11;NA;NA;8,82;NA;0,87;20,62450215;NA;NA;20,62;NA;110,177;NA;NA
"308";"Metrosideros_laurifolia";11;"11_5";"11_5_3";1;43;824;30;0,037;8,11;NA;NA;8,82;NA;0,87;20,62450215;NA;NA;14,55;NA;110,635;NA;NA
"309";"Metrosideros_laurifolia";11;"11_5";"11_5_4";1;43;824;30;0,037;8,11;NA;NA;8,82;NA;0,87;20,62450215;NA;NA;17,92;NA;96,898;NA;NA
"310";"Metrosideros_laurifolia";11;"11_5";"11_5_5";1;43;824;30;0,037;8,11;NA;NA;8,82;NA;0,87;20,62450215;NA;NA;18,99;NA;102,77;NA;NA
"311";"Metrosideros_laurifolia";11;"11_6";"11_6_1";NA;NA;479;5;0,06;8,75;NA;NA;6,02;NA;1,27;15,47006856;NA;NA;9,43;NA;62,494;NA;NA
"312";"Metrosideros_laurifolia";11;"11_6";"11_6_2";NA;NA;479;5;0,06;8,75;NA;NA;6,02;NA;1,27;15,47006856;NA;NA;12,76;NA;27,461;NA;NA
"313";"Metrosideros_laurifolia";11;"11_6";"11_6_3";NA;NA;479;5;0,06;8,75;NA;NA;6,02;NA;1,27;15,47006856;NA;NA;12,56;NA;57,472;NA;NA
"314";"Metrosideros_laurifolia";11;"11_6";"11_6_4";NA;NA;479;5;0,06;8,75;NA;NA;6,02;NA;1,27;15,47006856;NA;NA;11,61;NA;60,198;NA;NA
"315";"Metrosideros_laurifolia";11;"11_6";"11_6_5";NA;NA;479;5;0,06;8,75;NA;NA;6,02;NA;1,27;15,47006856;NA;NA;12,09;NA;28,06;NA;NA
"316";"Tristaniopsis_glauca";12;"12_1";"12_1_1";0,5;88;818;95;0,097;2,84;NA;NA;11,58;NA;0,72;14,44614117;NA;NA;19,98;NA;18,942;NA;NA
"317";"Tristaniopsis_glauca";12;"12_1";"12_1_2";0,5;88;818;95;0,097;2,84;NA;NA;11,58;NA;0,72;14,44614117;NA;NA;17,43;NA;16,371;NA;NA
"318";"Tristaniopsis_glauca";12;"12_1";"12_1_3";0,5;88;818;95;0,097;2,84;NA;NA;11,58;NA;0,72;14,44614117;NA;NA;16,91;NA;14,449;NA;NA
"319";"Tristaniopsis_glauca";12;"12_1";"12_1_4";0,5;88;818;95;0,097;2,84;NA;NA;11,58;NA;0,72;14,44614117;NA;NA;14,6;NA;12,886;NA;NA
"320";"Tristaniopsis_glauca";12;"12_1";"12_1_5";0,5;88;818;95;0,097;2,84;NA;NA;11,58;NA;0,72;14,44614117;NA;NA;35,45;NA;13,415;NA;NA
"321";"Tristaniopsis_glauca";12;"12_2";"12_2_1";1;56;806;85;0,047;5,32;NA;NA;6,13;NA;1,07;11,44902806;NA;NA;14,18;NA;7,203;NA;NA
"322";"Tristaniopsis_glauca";12;"12_2";"12_2_2";1;56;806;85;0,047;5,32;NA;NA;6,13;NA;1,07;11,44902806;NA;NA;23,48;NA;16,162;NA;NA
"323";"Tristaniopsis_glauca";12;"12_2";"12_2_3";1;56;806;85;0,047;5,32;NA;NA;6,13;NA;1,07;11,44902806;NA;NA;18,72;NA;12,012;NA;NA
"324";"Tristaniopsis_glauca";12;"12_2";"12_2_4";1;56;806;85;0,047;5,32;NA;NA;6,13;NA;1,07;11,44902806;NA;NA;16,11;NA;16,593;NA;NA
"325";"Tristaniopsis_glauca";12;"12_2";"12_2_5";1;56;806;85;0,047;5,32;NA;NA;6,13;NA;1,07;11,44902806;NA;NA;14,09;NA;7,741;NA;NA
"326";"Tristaniopsis_glauca";12;"12_3";"12_3_1";1;43;785;95;0,034;5,15;NA;NA;6,98;NA;0,79;16,60753827;NA;NA;32,22;NA;18,924;NA;NA
"327";"Tristaniopsis_glauca";12;"12_3";"12_3_2";1;43;785;95;0,034;5,15;NA;NA;6,98;NA;0,79;16,60753827;NA;NA;10,51;NA;17,893;NA;NA
"328";"Tristaniopsis_glauca";12;"12_3";"12_3_3";1;43;785;95;0,034;5,15;NA;NA;6,98;NA;0,79;16,60753827;NA;NA;21,47;NA;18,032;NA;NA
"329";"Tristaniopsis_glauca";12;"12_3";"12_3_4";1;43;785;95;0,034;5,15;NA;NA;6,98;NA;0,79;16,60753827;NA;NA;35,05;NA;21,22;NA;NA
"330";"Tristaniopsis_glauca";12;"12_3";"12_3_5";1;43;785;95;0,034;5,15;NA;NA;6,98;NA;0,79;16,60753827;NA;NA;39,95;NA;20,958;NA;NA
"331";"Tristaniopsis_glauca";12;"12_4";"12_4_1";1;96;705;65;0,096;2,6;NA;NA;5,97;NA;0,86;15,07506417;NA;NA;20,75;NA;22,624;NA;NA
"332";"Tristaniopsis_glauca";12;"12_4";"12_4_2";1;96;705;65;0,096;2,6;NA;NA;5,97;NA;0,86;15,07506417;NA;NA;18,81;NA;16,97;NA;NA
"333";"Tristaniopsis_glauca";12;"12_4";"12_4_3";1;96;705;65;0,096;2,6;NA;NA;5,97;NA;0,86;15,07506417;NA;NA;12,66;NA;14,075;NA;NA
"334";"Tristaniopsis_glauca";12;"12_4";"12_4_4";1;96;705;65;0,096;2,6;NA;NA;5,97;NA;0,86;15,07506417;NA;NA;27,21;NA;19,338;NA;NA
"335";"Tristaniopsis_glauca";12;"12_4";"12_4_5";1;96;705;65;0,096;2,6;NA;NA;5,97;NA;0,86;15,07506417;NA;NA;21,29;NA;20,083;NA;NA
"336";"Tristaniopsis_glauca";12;"12_5";"12_5_1";1;53;717;85;0,076;2,96;NA;NA;9,22;NA;0,92;13,25059703;NA;NA;12,36;NA;27,555;NA;NA
"337";"Tristaniopsis_glauca";12;"12_5";"12_5_2";1;53;717;85;0,076;2,96;NA;NA;9,22;NA;0,92;13,25059703;NA;NA;13,69;NA;11,971;NA;NA
"338";"Tristaniopsis_glauca";12;"12_5";"12_5_3";1;53;717;85;0,076;2,96;NA;NA;9,22;NA;0,92;13,25059703;NA;NA;12,73;NA;23,263;NA;NA
"339";"Tristaniopsis_glauca";12;"12_5";"12_5_4";1;53;717;85;0,076;2,96;NA;NA;9,22;NA;0,92;13,25059703;NA;NA;13,58;NA;12,181;NA;NA
"340";"Tristaniopsis_glauca";12;"12_5";"12_5_5";1;53;717;85;0,076;2,96;NA;NA;9,22;NA;0,92;13,25059703;NA;NA;12,55;NA;24,775;NA;NA
"341";"Tristaniopsis_glauca";12;"12_6";"12_6_1";NA;NA;824;92;0,056;3,12;NA;NA;4,45;NA;0,8;14,5319057;NA;NA;19,88;NA;9,486;NA;NA
"342";"Tristaniopsis_glauca";12;"12_6";"12_6_2";NA;NA;824;92;0,056;3,12;NA;NA;4,45;NA;0,8;14,5319057;NA;NA;39,73;NA;11,691;NA;NA
"343";"Tristaniopsis_glauca";12;"12_6";"12_6_3";NA;NA;824;92;0,056;3,12;NA;NA;4,45;NA;0,8;14,5319057;NA;NA;34,19;NA;9,24;NA;NA
"344";"Tristaniopsis_glauca";12;"12_6";"12_6_4";NA;NA;824;92;0,056;3,12;NA;NA;4,45;NA;0,8;14,5319057;NA;NA;37,54;NA;11,376;NA;NA
"345";"Tristaniopsis_glauca";12;"12_6";"12_6_5";NA;NA;824;92;0,056;3,12;NA;NA;4,45;NA;0,8;14,5319057;NA;NA;29,07;NA;7,69;NA;NA
